,Origin Movement ID,Origin Display Name,Destination Movement ID,Destination Display Name,Date Range,Mean Travel Time (Seconds),Range - Lower Bound Travel Time (Seconds),Range - Upper Bound Travel Time (Seconds),Mean Travel Time (Minute)
0,1277,"300 Hayes Street, Civic Center, San Francisco",2,"400 Northumberland Avenue, Redwood Oaks, Redwood City",3/1/2020 - 3/8/2020,2080,1722,2511,34.67
1,1277,"300 Hayes Street, Civic Center, San Francisco",9,"500 Hyde Street, Tenderloin, San Francisco",3/1/2020 - 3/8/2020,342,222,525,5.7
2,1277,"300 Hayes Street, Civic Center, San Francisco",20,"900 Sutter Street, Lower Nob Hill, San Francisco",3/1/2020 - 3/8/2020,315,194,509,5.25
3,1277,"300 Hayes Street, Civic Center, San Francisco",21,"3400 Pierce Street, Marina District, San Francisco",3/1/2020 - 3/8/2020,623,458,845,10.38
4,1277,"300 Hayes Street, Civic Center, San Francisco",30,"2200 Central Avenue, Alameda",3/1/2020 - 3/8/2020,1515,1161,1975,25.25
5,1277,"300 Hayes Street, Civic Center, San Francisco",44,"1700 Egbert Avenue, Bayview, San Francisco",3/1/2020 - 3/8/2020,861,596,1243,14.35
6,1277,"300 Hayes Street, Civic Center, San Francisco",46,"500 Chester Street, West Oakland, Oakland",3/1/2020 - 3/8/2020,995,729,1356,16.58
7,1277,"300 Hayes Street, Civic Center, San Francisco",57,"1700 Bayo Vista Avenue, San Pablo",3/1/2020 - 3/8/2020,1635,1177,2270,27.25
8,1277,"300 Hayes Street, Civic Center, San Francisco",58,"5600 Genoa Street, Santa Fe, Oakland",3/1/2020 - 3/8/2020,1433,982,2089,23.88
9,1277,"300 Hayes Street, Civic Center, San Francisco",60,"33900 Emilia Lane, Ardenwood, Fremont",3/1/2020 - 3/8/2020,2472,1961,3115,41.2
10,1277,"300 Hayes Street, Civic Center, San Francisco",61,"5400 Ridgewood Drive, Ardenwood, Fremont",3/1/2020 - 3/8/2020,2414,2018,2886,40.23
11,1277,"300 Hayes Street, Civic Center, San Francisco",78,"1400 Thomas Avenue, Bayview, San Francisco",3/1/2020 - 3/8/2020,1016,716,1441,16.93
12,1277,"300 Hayes Street, Civic Center, San Francisco",79,"1500 California Street, Polk Gulch, San Francisco",3/1/2020 - 3/8/2020,360,226,571,6.0
13,1277,"300 Hayes Street, Civic Center, San Francisco",80,"0 Farren Street, Western Addition, San Francisco",3/1/2020 - 3/8/2020,353,247,503,5.88
14,1277,"300 Hayes Street, Civic Center, San Francisco",81,"0 Berkeley Way, Diamond Heights, San Francisco",3/1/2020 - 3/8/2020,961,762,1211,16.02
15,1277,"300 Hayes Street, Civic Center, San Francisco",82,"2700 25th Street, Mission District, San Francisco",3/1/2020 - 3/8/2020,418,284,614,6.97
16,1277,"300 Hayes Street, Civic Center, San Francisco",87,"2200 Wyandotte Street, Mountain View",3/1/2020 - 3/8/2020,2438,1927,3083,40.63
17,1277,"300 Hayes Street, Civic Center, San Francisco",90,"300 Heathcliff Drive, Westview, Pacifica",3/1/2020 - 3/8/2020,1287,982,1686,21.45
18,1277,"300 Hayes Street, Civic Center, San Francisco",91,"700 Industrial Road, San Carlos",3/1/2020 - 3/8/2020,1797,1398,2309,29.95
19,1277,"300 Hayes Street, Civic Center, San Francisco",96,"2200 Bonar Street, Poets Corner, Berkeley",3/1/2020 - 3/8/2020,1331,1027,1723,22.18
20,1277,"300 Hayes Street, Civic Center, San Francisco",98,"500 10th Street, Downtown Oakland, Oakland",3/1/2020 - 3/8/2020,1082,782,1495,18.03
21,1277,"300 Hayes Street, Civic Center, San Francisco",102,"500 Mount Street, East Richmond, Richmond",3/1/2020 - 3/8/2020,1545,1098,2172,25.75
22,1277,"300 Hayes Street, Civic Center, San Francisco",103,"35500 Ebro Court, Centerville, Fremont",3/1/2020 - 3/8/2020,2756,2107,3603,45.93
23,1277,"300 Hayes Street, Civic Center, San Francisco",104,"4300 Baine Avenue, Centerville, Fremont",3/1/2020 - 3/8/2020,2814,2096,3777,46.9
24,1277,"300 Hayes Street, Civic Center, San Francisco",108,"400 West Sunset Boulevard, Hayward",3/1/2020 - 3/8/2020,1934,1487,2514,32.23
25,1277,"300 Hayes Street, Civic Center, San Francisco",113,"1200 Hayes Street, Western Addition, San Francisco",3/1/2020 - 3/8/2020,194,124,302,3.23
26,1277,"300 Hayes Street, Civic Center, San Francisco",117,"100 Edgemar Street, Crocker, Daly City",3/1/2020 - 3/8/2020,1177,917,1510,19.62
27,1277,"300 Hayes Street, Civic Center, San Francisco",123,"20000 Merritt Drive, Cupertino",3/1/2020 - 3/8/2020,3111,2606,3713,51.85
28,1277,"300 Hayes Street, Civic Center, San Francisco",127,"2000 Waverley Street, Old Palo Alto, Palo Alto",3/1/2020 - 3/8/2020,2307,1948,2732,38.45
29,1277,"300 Hayes Street, Civic Center, San Francisco",138,"0 Maria Drive, Petaluma",3/1/2020 - 3/8/2020,2730,2490,2993,45.5
30,1277,"300 Hayes Street, Civic Center, San Francisco",151,"500 20th Street, Downtown Oakland, Oakland",3/1/2020 - 3/8/2020,1190,934,1515,19.83
31,1277,"300 Hayes Street, Civic Center, San Francisco",153,"400 Giannini Drive, Santa Clara",3/1/2020 - 3/8/2020,3230,2694,3871,53.83
32,1277,"300 Hayes Street, Civic Center, San Francisco",155,"400 North Mary Avenue, Sunnyvale West, Sunnyvale",3/1/2020 - 3/8/2020,2844,2209,3660,47.4
33,1277,"300 Hayes Street, Civic Center, San Francisco",165,"2200 Franklin Street, Pacific Heights, San Francisco",3/1/2020 - 3/8/2020,293,198,433,4.88
34,1277,"300 Hayes Street, Civic Center, San Francisco",176,"500 Hull Avenue, Central San Jose, San Jose",3/1/2020 - 3/8/2020,3480,2843,4259,58.0
35,1277,"300 Hayes Street, Civic Center, San Francisco",181,"3400 Richmond Boulevard, Oakland Ave - Harrison St, Oakland",3/1/2020 - 3/8/2020,1128,815,1560,18.8
36,1277,"300 Hayes Street, Civic Center, San Francisco",184,"0 South Almaden Boulevard, Central San Jose, San Jose",3/1/2020 - 3/8/2020,3469,2759,4360,57.82
37,1277,"300 Hayes Street, Civic Center, San Francisco",186,"1800 Vicente Street, Sunset District, San Francisco",3/1/2020 - 3/8/2020,1276,992,1641,21.27
38,1277,"300 Hayes Street, Civic Center, San Francisco",194,"600 Aileen Street, Upper Telegraph, Oakland",3/1/2020 - 3/8/2020,1331,955,1853,22.18
39,1277,"300 Hayes Street, Civic Center, San Francisco",206,"1300 15th Street, Mission District, San Francisco",3/1/2020 - 3/8/2020,283,179,446,4.72
40,1277,"300 Hayes Street, Civic Center, San Francisco",207,"1100 Guerrero Street, Mission District, San Francisco",3/1/2020 - 3/8/2020,633,481,832,10.55
41,1277,"300 Hayes Street, Civic Center, San Francisco",208,"600 Alabama Street, Mission District, San Francisco",3/1/2020 - 3/8/2020,467,341,638,7.78
42,1277,"300 Hayes Street, Civic Center, San Francisco",209,"300 Wilde Avenue, Visitacion Valley, San Francisco",3/1/2020 - 3/8/2020,585,419,815,9.75
43,1277,"300 Hayes Street, Civic Center, San Francisco",210,"100 Ramsell Street, Oceanview, San Francisco",3/1/2020 - 3/8/2020,868,621,1213,14.47
44,1277,"300 Hayes Street, Civic Center, San Francisco",211,"200 16th Avenue, Richmond District, San Francisco",3/1/2020 - 3/8/2020,885,669,1170,14.75
45,1277,"300 Hayes Street, Civic Center, San Francisco",212,"500 Washington Street, Financial District, San Francisco",3/1/2020 - 3/8/2020,772,542,1098,12.87
46,1277,"300 Hayes Street, Civic Center, San Francisco",216,"3700 Lake Ontario Drive, Lakes and Birds, Fremont",3/1/2020 - 3/8/2020,2256,1897,2682,37.6
47,1277,"300 Hayes Street, Civic Center, San Francisco",232,"1000 Beech Street, East Palo Alto",3/1/2020 - 3/8/2020,2218,1761,2793,36.97
48,1277,"300 Hayes Street, Civic Center, San Francisco",233,"County Jail Road, San Bruno",3/1/2020 - 3/8/2020,1471,1171,1847,24.52
49,1277,"300 Hayes Street, Civic Center, San Francisco",234,"100 Domestic Terminals Departures Level, San Francisco",3/1/2020 - 3/8/2020,1093,877,1361,18.22
50,1277,"300 Hayes Street, Civic Center, San Francisco",241,"0 Pinheiro Circle, Novato",3/1/2020 - 3/8/2020,2162,1916,2438,36.03
51,1277,"300 Hayes Street, Civic Center, San Francisco",242,"0 El Pavo Real Circle, San Rafael",3/1/2020 - 3/8/2020,1778,1509,2093,29.63
52,1277,"300 Hayes Street, Civic Center, San Francisco",264,"300 Irwin Street, San Rafael",3/1/2020 - 3/8/2020,1655,1355,2021,27.58
53,1277,"300 Hayes Street, Civic Center, San Francisco",277,"500 El Paseo Drive, Sobrante Park, Oakland",3/1/2020 - 3/8/2020,1600,1210,2115,26.67
54,1277,"300 Hayes Street, Civic Center, San Francisco",280,"1600 Sutter Street, Concord",3/1/2020 - 3/8/2020,2223,1874,2636,37.05
55,1277,"300 Hayes Street, Civic Center, San Francisco",283,"6100 San Pablo Avenue, Paradise Park, Oakland",3/1/2020 - 3/8/2020,1295,918,1825,21.58
56,1277,"300 Hayes Street, Civic Center, San Francisco",284,"300 45th Street, Temescal, Oakland",3/1/2020 - 3/8/2020,1392,978,1980,23.2
57,1277,"300 Hayes Street, Civic Center, San Francisco",285,"1600 Maritime Street, Oakland",3/1/2020 - 3/8/2020,897,631,1273,14.95
58,1277,"300 Hayes Street, Civic Center, San Francisco",286,"1000 10th Street, West Oakland, Oakland",3/1/2020 - 3/8/2020,1015,745,1381,16.92
59,1277,"300 Hayes Street, Civic Center, San Francisco",288,"14700 Wiley Street, Washington Manor - Bonaire, San Leandro",3/1/2020 - 3/8/2020,1642,1290,2089,27.37
60,1277,"300 Hayes Street, Civic Center, San Francisco",299,"Chinatown / North Beach Campus, Russian Hill, San Francisco",3/1/2020 - 3/8/2020,629,464,852,10.48
61,1277,"300 Hayes Street, Civic Center, San Francisco",302,"0 Bass Court, Bayview, San Francisco",3/1/2020 - 3/8/2020,1014,719,1428,16.9
62,1277,"300 Hayes Street, Civic Center, San Francisco",303,"Bay Trail, Sunnyvale",3/1/2020 - 3/8/2020,2718,2123,3478,45.3
63,1277,"300 Hayes Street, Civic Center, San Francisco",304,"500 Zook Road, Mountain View",3/1/2020 - 3/8/2020,2591,2070,3242,43.18
64,1277,"300 Hayes Street, Civic Center, San Francisco",306,"200 Silverlake Drive, Lakewood, Sunnyvale",3/1/2020 - 3/8/2020,2749,2196,3440,45.82
65,1277,"300 Hayes Street, Civic Center, San Francisco",311,"200 Northgate Avenue, Westlake, Daly City",3/1/2020 - 3/8/2020,882,631,1232,14.7
66,1277,"300 Hayes Street, Civic Center, San Francisco",314,"200 Alta Mesa Drive, Serra Highlands, South San Francisco",3/1/2020 - 3/8/2020,1182,859,1625,19.7
67,1277,"300 Hayes Street, Civic Center, San Francisco",315,"900 Veterans Boulevard, Redwood City",3/1/2020 - 3/8/2020,1901,1484,2433,31.68
68,1277,"300 Hayes Street, Civic Center, San Francisco",321,"Nimitz Freeway, Downtown Oakland, Oakland",3/1/2020 - 3/8/2020,1138,818,1581,18.97
69,1277,"300 Hayes Street, Civic Center, San Francisco",322,"300 Warwick Avenue, Adams Point, Oakland",3/1/2020 - 3/8/2020,1134,824,1559,18.9
70,1277,"300 Hayes Street, Civic Center, San Francisco",323,"900 Embarcadero West, West Oakland, Oakland",3/1/2020 - 3/8/2020,1031,776,1369,17.18
71,1277,"300 Hayes Street, Civic Center, San Francisco",328,"5000 Franklin Drive, Pleasanton",3/1/2020 - 3/8/2020,2454,2024,2974,40.9
72,1277,"300 Hayes Street, Civic Center, San Francisco",333,"15900 Via Paro, San Lorenzo",3/1/2020 - 3/8/2020,1763,1414,2196,29.38
73,1277,"300 Hayes Street, Civic Center, San Francisco",338,"100 Hinman Road, Redwood City",3/1/2020 - 3/8/2020,1927,1508,2462,32.12
74,1277,"300 Hayes Street, Civic Center, San Francisco",345,"400 Moffett Boulevard, Mountain View",3/1/2020 - 3/8/2020,2504,2016,3109,41.73
75,1277,"300 Hayes Street, Civic Center, San Francisco",347,"900 Sycamore Drive, Midtown, Palo Alto",3/1/2020 - 3/8/2020,2340,1882,2908,39.0
76,1277,"300 Hayes Street, Civic Center, San Francisco",380,"2800 Moorpark Avenue, West San Jose, San Jose",3/1/2020 - 3/8/2020,3498,2912,4200,58.3
77,1277,"300 Hayes Street, Civic Center, San Francisco",385,"0 Valley View Road, Orinda",3/1/2020 - 3/8/2020,1549,1184,2026,25.82
78,1277,"300 Hayes Street, Civic Center, San Francisco",387,"2100 Manchester Road, San Leandro",3/1/2020 - 3/8/2020,1838,1476,2287,30.63
79,1277,"300 Hayes Street, Civic Center, San Francisco",388,"1700 Doolittle Drive, Davis Tract, San Leandro",3/1/2020 - 3/8/2020,1569,1210,2034,26.15
80,1277,"300 Hayes Street, Civic Center, San Francisco",389,"1000 Burkhart Avenue, Washington Manor - Bonaire, San Leandro",3/1/2020 - 3/8/2020,1731,1371,2185,28.85
81,1277,"300 Hayes Street, Civic Center, San Francisco",392,"27900 Ormond Avenue, Tennyson - Alquire, Hayward",3/1/2020 - 3/8/2020,2248,1723,2931,37.47
82,1277,"300 Hayes Street, Civic Center, San Francisco",394,"3600 Page Street, Friendly Acres, Redwood City",3/1/2020 - 3/8/2020,1972,1595,2436,32.87
83,1277,"300 Hayes Street, Civic Center, San Francisco",395,"300 Sequoia Avenue, Redwood City",3/1/2020 - 3/8/2020,2212,2012,2431,36.87
84,1277,"300 Hayes Street, Civic Center, San Francisco",397,"400 Cedar Street, Vallejo",3/1/2020 - 3/8/2020,2248,1716,2944,37.47
85,1277,"300 Hayes Street, Civic Center, San Francisco",403,"800 Pine Lane, San Rafael",3/1/2020 - 3/8/2020,1868,1605,2173,31.13
86,1277,"300 Hayes Street, Civic Center, San Francisco",408,"1800 Hillside Boulevard, Colma",3/1/2020 - 3/8/2020,1278,919,1775,21.3
87,1277,"300 Hayes Street, Civic Center, San Francisco",409,"200 Nelson Avenue, Edgemar - Pacific Manor, Pacifica",3/1/2020 - 3/8/2020,1149,796,1657,19.15
88,1277,"300 Hayes Street, Civic Center, San Francisco",416,"2700 Contra Costa Canal Trail, Walnut Creek",3/1/2020 - 3/8/2020,2056,1599,2642,34.27
89,1277,"300 Hayes Street, Civic Center, San Francisco",417,"4400 Bell Avenue, Eastshore, Richmond",3/1/2020 - 3/8/2020,1581,1114,2243,26.35
90,1277,"300 Hayes Street, Civic Center, San Francisco",423,"200 Locust Avenue, San Rafael",3/1/2020 - 3/8/2020,1737,1426,2115,28.95
91,1277,"300 Hayes Street, Civic Center, San Francisco",431,"Seaborg Road, Berkeley",3/1/2020 - 3/8/2020,1839,1447,2336,30.65
92,1277,"300 Hayes Street, Civic Center, San Francisco",433,"600 Vanessa Drive, Central San Mateo, San Mateo",3/1/2020 - 3/8/2020,1589,1205,2094,26.48
93,1277,"300 Hayes Street, Civic Center, San Francisco",434,"1300 Franklin Street, Western Addition, San Francisco",3/1/2020 - 3/8/2020,206,128,330,3.43
94,1277,"300 Hayes Street, Civic Center, San Francisco",443,"New Corona Heights Trail, The Castro, San Francisco",3/1/2020 - 3/8/2020,516,375,709,8.6
95,1277,"300 Hayes Street, Civic Center, San Francisco",445,"900 Divisadero Street, Western Addition, San Francisco",3/1/2020 - 3/8/2020,295,197,440,4.92
96,1277,"300 Hayes Street, Civic Center, San Francisco",446,"1000 El Centro Avenue, Glenview, Oakland",3/1/2020 - 3/8/2020,1310,960,1786,21.83
97,1277,"300 Hayes Street, Civic Center, San Francisco",447,"2600 Alvarado Street, Floresta Gardens - Bradrick, San Leandro",3/1/2020 - 3/8/2020,1769,1335,2343,29.48
98,1277,"300 Hayes Street, Civic Center, San Francisco",452,"1200 Green Street, Russian Hill, San Francisco",3/1/2020 - 3/8/2020,455,310,667,7.58
99,1277,"300 Hayes Street, Civic Center, San Francisco",456,"1000 56th Street, Gaskill, Oakland",3/1/2020 - 3/8/2020,1361,941,1967,22.68
100,1277,"300 Hayes Street, Civic Center, San Francisco",457,"3100 West Street, Hoover - Foster, Oakland",3/1/2020 - 3/8/2020,1030,748,1416,17.17
101,1277,"300 Hayes Street, Civic Center, San Francisco",458,"900 Webster Street, Downtown Oakland, Oakland",3/1/2020 - 3/8/2020,1105,799,1528,18.42
102,1277,"300 Hayes Street, Civic Center, San Francisco",463,"2000 Bancroft Way, Downtown Berkeley, Berkeley",3/1/2020 - 3/8/2020,1585,1199,2094,26.42
103,1277,"300 Hayes Street, Civic Center, San Francisco",464,"1600 Fairview Street, South Berkeley, Berkeley",3/1/2020 - 3/8/2020,1248,926,1681,20.8
104,1277,"300 Hayes Street, Civic Center, San Francisco",467,"16300 Helo Drive, San Leandro",3/1/2020 - 3/8/2020,1772,1394,2251,29.53
105,1277,"300 Hayes Street, Civic Center, San Francisco",468,"700 Via Aires, San Lorenzo",3/1/2020 - 3/8/2020,1799,1491,2169,29.98
106,1277,"300 Hayes Street, Civic Center, San Francisco",469,"1800 Southgate Street, Southgate, Hayward",3/1/2020 - 3/8/2020,2183,1668,2855,36.38
107,1277,"300 Hayes Street, Civic Center, San Francisco",472,"4300 Alder Avenue, Centerville, Fremont",3/1/2020 - 3/8/2020,2578,1993,3334,42.97
108,1277,"300 Hayes Street, Civic Center, San Francisco",475,"1500 Lacassie Avenue, Walnut Creek",3/1/2020 - 3/8/2020,1952,1525,2498,32.53
109,1277,"300 Hayes Street, Civic Center, San Francisco",477,"0 Tara Road, Northwood - Tara, Orinda",3/1/2020 - 3/8/2020,1487,1144,1932,24.78
110,1277,"300 Hayes Street, Civic Center, San Francisco",478,"100 Eagle Court, Birds, Hercules",3/1/2020 - 3/8/2020,1968,1411,2743,32.8
111,1277,"300 Hayes Street, Civic Center, San Francisco",488,"0 Oak Gate Place, Pleasant Hill",3/1/2020 - 3/8/2020,2053,1629,2586,34.22
112,1277,"300 Hayes Street, Civic Center, San Francisco",495,"4200 Shelter Creek Lane, San Bruno",3/1/2020 - 3/8/2020,1204,947,1530,20.07
113,1277,"300 Hayes Street, Civic Center, San Francisco",499,"600 Throckmorton Avenue, Mill Valley",3/1/2020 - 3/8/2020,1704,1367,2122,28.4
114,1277,"300 Hayes Street, Civic Center, San Francisco",528,"600 Lexington Way, Oak Grove Manor, Burlingame",3/1/2020 - 3/8/2020,1267,998,1607,21.12
115,1277,"300 Hayes Street, Civic Center, San Francisco",530,"400 Seventh Avenue, Fair Oaks, Menlo Park",3/1/2020 - 3/8/2020,2042,1757,2372,34.03
116,1277,"300 Hayes Street, Civic Center, San Francisco",532,"200 Beach Street, North Beach, San Francisco",3/1/2020 - 3/8/2020,742,557,987,12.37
117,1277,"300 Hayes Street, Civic Center, San Francisco",533,"1400 Grant Avenue, North Beach, San Francisco",3/1/2020 - 3/8/2020,693,492,975,11.55
118,1277,"300 Hayes Street, Civic Center, San Francisco",534,"200 Walnut Street, Presidio Heights, San Francisco",3/1/2020 - 3/8/2020,622,466,828,10.37
119,1277,"300 Hayes Street, Civic Center, San Francisco",535,"0 Rossi Avenue, Richmond District, San Francisco",3/1/2020 - 3/8/2020,505,373,683,8.42
120,1277,"300 Hayes Street, Civic Center, San Francisco",536,"800 Franklin Street, Fillmore District, San Francisco",3/1/2020 - 3/8/2020,110,62,192,1.83
121,1277,"300 Hayes Street, Civic Center, San Francisco",537,"500 Webster Street, Western Addition, San Francisco",3/1/2020 - 3/8/2020,95,49,182,1.58
122,1277,"300 Hayes Street, Civic Center, San Francisco",541,"200 San Fernando Way, St. Francis, Daly City",3/1/2020 - 3/8/2020,961,707,1305,16.02
123,1277,"300 Hayes Street, Civic Center, San Francisco",542,"2200 Kenry Way, Westborough, South San Francisco",3/1/2020 - 3/8/2020,1190,905,1563,19.83
124,1277,"300 Hayes Street, Civic Center, San Francisco",543,"2500 Carmel Drive, San Bruno",3/1/2020 - 3/8/2020,1249,955,1632,20.82
125,1277,"300 Hayes Street, Civic Center, San Francisco",554,"200 2nd Street, Sunnyvale",3/1/2020 - 3/8/2020,2776,2195,3510,46.27
126,1277,"300 Hayes Street, Civic Center, San Francisco",555,"500 Aldo Avenue, Santa Clara",3/1/2020 - 3/8/2020,2771,2321,3308,46.18
127,1277,"300 Hayes Street, Civic Center, San Francisco",557,"18800 Devon Avenue, Quito Village, Saratoga",3/1/2020 - 3/8/2020,3022,2635,3464,50.37
128,1277,"300 Hayes Street, Civic Center, San Francisco",561,"100 Nancy Court, Old Mountain View, Mountain View",3/1/2020 - 3/8/2020,2430,2068,2854,40.5
129,1277,"300 Hayes Street, Civic Center, San Francisco",590,"300 Hanover Avenue, Cleveland Heights, Oakland",3/1/2020 - 3/8/2020,1310,944,1816,21.83
130,1277,"300 Hayes Street, Civic Center, San Francisco",591,"2500 10th Avenue, Bella Vista, Oakland",3/1/2020 - 3/8/2020,1188,891,1582,19.8
131,1277,"300 Hayes Street, Civic Center, San Francisco",595,"200 Ghormley Avenue, Brookfield Village, Oakland",3/1/2020 - 3/8/2020,1506,1145,1980,25.1
132,1277,"300 Hayes Street, Civic Center, San Francisco",597,"1600 Eighth Street, Northwest Berkeley, Berkeley",3/1/2020 - 3/8/2020,1234,989,1538,20.57
133,1277,"300 Hayes Street, Civic Center, San Francisco",598,"3000 Colby Street, Elmwood, Berkeley",3/1/2020 - 3/8/2020,1501,1146,1964,25.02
134,1277,"300 Hayes Street, Civic Center, San Francisco",599,"1800 Yale Drive, Alameda",3/1/2020 - 3/8/2020,1509,1199,1897,25.15
135,1277,"300 Hayes Street, Civic Center, San Francisco",602,"22000 Cameron Street, Castro Valley",3/1/2020 - 3/8/2020,1978,1564,2501,32.97
136,1277,"300 Hayes Street, Civic Center, San Francisco",605,"24500 Surrey Way, Santa Clara, Hayward",3/1/2020 - 3/8/2020,2145,1628,2824,35.75
137,1277,"300 Hayes Street, Civic Center, San Francisco",608,"700 11th Street, Oakland",3/1/2020 - 3/8/2020,1074,774,1488,17.9
138,1277,"300 Hayes Street, Civic Center, San Francisco",609,"700 19th Street, West Oakland, Oakland",3/1/2020 - 3/8/2020,1174,857,1608,19.57
139,1277,"300 Hayes Street, Civic Center, San Francisco",610,"1600 Webster Street, Downtown, Oakland",3/1/2020 - 3/8/2020,1228,984,1531,20.47
140,1277,"300 Hayes Street, Civic Center, San Francisco",611,"200 Park View Terrace, Adams Point, Oakland",3/1/2020 - 3/8/2020,1273,934,1734,21.22
141,1277,"300 Hayes Street, Civic Center, San Francisco",612,"500 El Dorado Avenue, Grand Lake, Oakland",3/1/2020 - 3/8/2020,1312,989,1739,21.87
142,1277,"300 Hayes Street, Civic Center, San Francisco",614,"3100 San Joaquin Way, Union City",3/1/2020 - 3/8/2020,2308,1836,2900,38.47
143,1277,"300 Hayes Street, Civic Center, San Francisco",618,"2200 Floyd Lane, Concord",3/1/2020 - 3/8/2020,2141,1917,2390,35.68
144,1277,"300 Hayes Street, Civic Center, San Francisco",624,"3300 Beechwood Drive, Stanley, Lafayette",3/1/2020 - 3/8/2020,1758,1361,2270,29.3
145,1277,"300 Hayes Street, Civic Center, San Francisco",627,"800 Marin Road, El Sobrante",3/1/2020 - 3/8/2020,1886,1316,2702,31.43
146,1277,"300 Hayes Street, Civic Center, San Francisco",628,"2300 Santa Clara Street, Richmond Annex, Richmond",3/1/2020 - 3/8/2020,1357,968,1901,22.62
147,1277,"300 Hayes Street, Civic Center, San Francisco",629,"100 Guerrero Street, Mission Dolores, San Francisco",3/1/2020 - 3/8/2020,197,114,338,3.28
148,1277,"300 Hayes Street, Civic Center, San Francisco",641,"1400 Jackson Street, Nob Hill, San Francisco",3/1/2020 - 3/8/2020,424,285,630,7.07
149,1277,"300 Hayes Street, Civic Center, San Francisco",642,"600 Grant Avenue, Chinatown, San Francisco",3/1/2020 - 3/8/2020,720,502,1031,12.0
150,1277,"300 Hayes Street, Civic Center, San Francisco",643,"200 Myrtle Street, Tenderloin, San Francisco",3/1/2020 - 3/8/2020,271,160,457,4.52
151,1277,"300 Hayes Street, Civic Center, San Francisco",644,"200 Jones Street, Tenderloin, San Francisco",3/1/2020 - 3/8/2020,433,275,680,7.22
152,1277,"300 Hayes Street, Civic Center, San Francisco",645,"1400 Chestnut Street, Marina District, San Francisco",3/1/2020 - 3/8/2020,410,291,575,6.83
153,1277,"300 Hayes Street, Civic Center, San Francisco",646,"500 Clayton Street, Haight-Ashbury, San Francisco",3/1/2020 - 3/8/2020,406,283,580,6.77
154,1277,"300 Hayes Street, Civic Center, San Francisco",647,"800 Ashbury Street, Ashbury Heights, San Francisco",3/1/2020 - 3/8/2020,535,369,774,8.92
155,1277,"300 Hayes Street, Civic Center, San Francisco",648,"3800 19th Street, Dolores Heights, San Francisco",3/1/2020 - 3/8/2020,494,370,659,8.23
156,1277,"300 Hayes Street, Civic Center, San Francisco",649,"1000 Diamond Street, Noe Valley, San Francisco",3/1/2020 - 3/8/2020,787,615,1006,13.12
157,1277,"300 Hayes Street, Civic Center, San Francisco",650,"700 Rhode Island Street, Potrero Hill, San Francisco",3/1/2020 - 3/8/2020,360,234,553,6.0
158,1277,"300 Hayes Street, Civic Center, San Francisco",651,"2900 22nd Street, Mission District, San Francisco",3/1/2020 - 3/8/2020,543,413,712,9.05
159,1277,"300 Hayes Street, Civic Center, San Francisco",652,"300 Hale Street, Excelsior, San Francisco",3/1/2020 - 3/8/2020,496,347,708,8.27
160,1277,"300 Hayes Street, Civic Center, San Francisco",653,"600 Lisbon Street, Excelsior, San Francisco",3/1/2020 - 3/8/2020,1053,794,1396,17.55
161,1277,"300 Hayes Street, Civic Center, San Francisco",659,"200 Staples Avenue, Outer Mission, San Francisco",3/1/2020 - 3/8/2020,716,506,1012,11.93
162,1277,"300 Hayes Street, Civic Center, San Francisco",660,"1900 Lawton Street, Sunset District, San Francisco",3/1/2020 - 3/8/2020,831,606,1139,13.85
163,1277,"300 Hayes Street, Civic Center, San Francisco",661,"Building F, Buckingham Way, Lakeshore, San Francisco",3/1/2020 - 3/8/2020,1378,1065,1781,22.97
164,1277,"300 Hayes Street, Civic Center, San Francisco",662,"1300 46th Avenue, Sunset District, San Francisco",3/1/2020 - 3/8/2020,931,734,1180,15.52
165,1277,"300 Hayes Street, Civic Center, San Francisco",663,"200 21st Avenue, Central Richmond, San Francisco",3/1/2020 - 3/8/2020,925,719,1188,15.42
166,1277,"300 Hayes Street, Civic Center, San Francisco",664,"700 32nd Avenue, Richmond District, San Francisco",3/1/2020 - 3/8/2020,859,666,1107,14.32
167,1277,"300 Hayes Street, Civic Center, San Francisco",665,"0 Brookdale Avenue, Visitacion Valley, San Francisco",3/1/2020 - 3/8/2020,1138,806,1606,18.97
168,1277,"300 Hayes Street, Civic Center, San Francisco",666,"1200 El Camino Del Mar, Sea Cliff, San Francisco",3/1/2020 - 3/8/2020,1135,901,1428,18.92
169,1277,"300 Hayes Street, Civic Center, San Francisco",675,"200 Oriente Street, Bayshore Heights, Daly City",3/1/2020 - 3/8/2020,1037,722,1488,17.28
170,1277,"300 Hayes Street, Civic Center, San Francisco",676,"300 Citrus Avenue, Daly City",3/1/2020 - 3/8/2020,939,668,1319,15.65
171,1277,"300 Hayes Street, Civic Center, San Francisco",677,"0 Ridgefield Avenue, St. Francis, Daly City",3/1/2020 - 3/8/2020,1097,798,1507,18.28
172,1277,"300 Hayes Street, Civic Center, San Francisco",678,"2500 Crestmoor Drive, San Bruno",3/1/2020 - 3/8/2020,1245,969,1599,20.75
173,1277,"300 Hayes Street, Civic Center, San Francisco",679,"800 Paloma Avenue, Burlingame Terrace, Burlingame",3/1/2020 - 3/8/2020,1416,1108,1808,23.6
174,1277,"300 Hayes Street, Civic Center, San Francisco",680,"700 South Fremont Street, North Central, San Mateo",3/1/2020 - 3/8/2020,1536,1179,2000,25.6
175,1277,"300 Hayes Street, Civic Center, San Francisco",682,"1300 South Norfolk Street, Shoreview, San Mateo",3/1/2020 - 3/8/2020,1454,1148,1840,24.23
176,1277,"300 Hayes Street, Civic Center, San Francisco",684,"1100 Vailwood Way, South San Mateo, San Mateo",3/1/2020 - 3/8/2020,1704,1314,2209,28.4
177,1277,"300 Hayes Street, Civic Center, San Francisco",722,"800 Hibiscus Lane, West San Jose, San Jose",3/1/2020 - 3/8/2020,3384,2806,4079,56.4
178,1277,"300 Hayes Street, Civic Center, San Francisco",741,"1600 San Luis Avenue, Rex Manor, Mountain View",3/1/2020 - 3/8/2020,2449,1970,3044,40.82
179,1277,"300 Hayes Street, Civic Center, San Francisco",742,"4200 Wilkie Way, Charleston Meadow, Palo Alto",3/1/2020 - 3/8/2020,2582,2116,3150,43.03
180,1277,"300 Hayes Street, Civic Center, San Francisco",743,"400 Addison Avenue, Professorville, Palo Alto",3/1/2020 - 3/8/2020,2387,1986,2868,39.78
181,1277,"300 Hayes Street, Civic Center, San Francisco",744,"Monte Bello Road (Trail), Cupertino",3/1/2020 - 3/8/2020,2796,2304,3392,46.6
182,1277,"300 Hayes Street, Civic Center, San Francisco",749,"1400 Magazine Street, Vallejo",3/1/2020 - 3/8/2020,2167,1690,2777,36.12
183,1277,"300 Hayes Street, Civic Center, San Francisco",756,"900 Wood Lane, Petaluma",3/1/2020 - 3/8/2020,2697,2436,2985,44.95
184,1277,"300 Hayes Street, Civic Center, San Francisco",805,"1400 San Rafael Street, Estudillo Estates - Glen, San Leandro",3/1/2020 - 3/8/2020,1646,1293,2093,27.43
185,1277,"300 Hayes Street, Civic Center, San Francisco",808,"3000 Adeline Street, Clawson, Oakland",3/1/2020 - 3/8/2020,1002,723,1387,16.7
186,1277,"300 Hayes Street, Civic Center, San Francisco",809,"200 Santa Rosa Avenue, Grand Lake, Oakland",3/1/2020 - 3/8/2020,1119,814,1536,18.65
187,1277,"300 Hayes Street, Civic Center, San Francisco",810,"2700 Pleasant Street, School, Oakland",3/1/2020 - 3/8/2020,1268,945,1699,21.13
188,1277,"300 Hayes Street, Civic Center, San Francisco",812,"2000 Francisco Street, North Berkeley, Berkeley",3/1/2020 - 3/8/2020,1640,1282,2097,27.33
189,1277,"300 Hayes Street, Civic Center, San Francisco",813,"2500 Parker Street, Elmwood, Berkeley",3/1/2020 - 3/8/2020,1587,1217,2068,26.45
190,1277,"300 Hayes Street, Civic Center, San Francisco",814,"1400 168th Avenue, San Leandro",3/1/2020 - 3/8/2020,1867,1446,2410,31.12
191,1277,"300 Hayes Street, Civic Center, San Francisco",817,"400 Oxford Way, Belmont",3/1/2020 - 3/8/2020,1708,1330,2193,28.47
192,1277,"300 Hayes Street, Civic Center, San Francisco",818,"700 Bay Road, Staumbaugh Heller, Redwood City",3/1/2020 - 3/8/2020,1976,1554,2511,32.93
193,1277,"300 Hayes Street, Civic Center, San Francisco",829,"7800 Lilac Court, Cupertino",3/1/2020 - 3/8/2020,2898,2411,3482,48.3
194,1277,"300 Hayes Street, Civic Center, San Francisco",834,"7700 Lakeville Highway, Petaluma",3/1/2020 - 3/8/2020,2661,2286,3096,44.35
195,1277,"300 Hayes Street, Civic Center, San Francisco",843,"2400 Channing Way, Southside, Berkeley",3/1/2020 - 3/8/2020,1661,1270,2170,27.68
196,1277,"300 Hayes Street, Civic Center, San Francisco",858,"600 Geneva Avenue, Outer Mission, San Francisco",3/1/2020 - 3/8/2020,810,567,1155,13.5
197,1277,"300 Hayes Street, Civic Center, San Francisco",859,"2200 24th Avenue, Sunset District, San Francisco",3/1/2020 - 3/8/2020,1072,816,1406,17.87
198,1277,"300 Hayes Street, Civic Center, San Francisco",860,"2300 Cabrillo Street, Richmond District, San Francisco",3/1/2020 - 3/8/2020,756,581,983,12.6
199,1277,"300 Hayes Street, Civic Center, San Francisco",863,"2400 Filbert Street, McClymonds, Oakland",3/1/2020 - 3/8/2020,1432,942,2175,23.87
200,1277,"300 Hayes Street, Civic Center, San Francisco",864,"22400 Victory Drive, Longwood - Winton Grove, Hayward",3/1/2020 - 3/8/2020,1806,1511,2158,30.1
201,1277,"300 Hayes Street, Civic Center, San Francisco",866,"0 Bernard Street, Nob Hill, San Francisco",3/1/2020 - 3/8/2020,518,357,750,8.63
202,1277,"300 Hayes Street, Civic Center, San Francisco",867,"2200 Post Street, Western Addition, San Francisco",3/1/2020 - 3/8/2020,371,244,563,6.18
203,1277,"300 Hayes Street, Civic Center, San Francisco",868,"500 Diamond Street, Noe Valley, San Francisco",3/1/2020 - 3/8/2020,668,525,849,11.13
204,1277,"300 Hayes Street, Civic Center, San Francisco",870,"1800 Marshall Petaluma Road, Petaluma",3/1/2020 - 3/8/2020,2322,2093,2575,38.7
205,1277,"300 Hayes Street, Civic Center, San Francisco",885,"6300 Colby Street, Upper Telegraph, Oakland",3/1/2020 - 3/8/2020,1405,1029,1916,23.42
206,1277,"300 Hayes Street, Civic Center, San Francisco",886,"4400 Telegraph Avenue, Temescal, Oakland",3/1/2020 - 3/8/2020,1112,803,1538,18.53
207,1277,"300 Hayes Street, Civic Center, San Francisco",887,"1300 Santa Fe Avenue, Northwest Berkeley, Berkeley",3/1/2020 - 3/8/2020,1635,1196,2234,27.25
208,1277,"300 Hayes Street, Civic Center, San Francisco",888,"300 Annette Lane, Santa Clara, Hayward",3/1/2020 - 3/8/2020,2082,1570,2760,34.7
209,1277,"300 Hayes Street, Civic Center, San Francisco",904,"400 North Fernwood Circle, Snail, Sunnyvale",3/1/2020 - 3/8/2020,2717,2208,3342,45.28
210,1277,"300 Hayes Street, Civic Center, San Francisco",905,"1000 Pine Street, Lower Nob Hill, San Francisco",3/1/2020 - 3/8/2020,429,283,649,7.15
211,1277,"300 Hayes Street, Civic Center, San Francisco",906,"2700 Octavia Street, Cow Hollow, San Francisco",3/1/2020 - 3/8/2020,361,246,527,6.02
212,1277,"300 Hayes Street, Civic Center, San Francisco",907,"2500 Turk Street, Richmond District, San Francisco",3/1/2020 - 3/8/2020,431,317,585,7.18
213,1277,"300 Hayes Street, Civic Center, San Francisco",908,"1200 18th Street, Potrero Hill, San Francisco",3/1/2020 - 3/8/2020,643,449,919,10.72
214,1277,"300 Hayes Street, Civic Center, San Francisco",909,"1400 40th Avenue, Sunset District, San Francisco",3/1/2020 - 3/8/2020,897,682,1179,14.95
215,1277,"300 Hayes Street, Civic Center, San Francisco",910,"700 La Playa Street, Richmond District, San Francisco",3/1/2020 - 3/8/2020,948,740,1213,15.8
216,1277,"300 Hayes Street, Civic Center, San Francisco",915,"300 Dolores Way, Sunshine Gardens, South San Francisco",3/1/2020 - 3/8/2020,1221,971,1535,20.35
217,1277,"300 Hayes Street, Civic Center, San Francisco",920,"100 Whisman Station Drive, Mountain View",3/1/2020 - 3/8/2020,2887,2155,3866,48.12
218,1277,"300 Hayes Street, Civic Center, San Francisco",927,"800 Aspen Way, Palo Verde, Palo Alto",3/1/2020 - 3/8/2020,2327,1899,2851,38.78
219,1277,"300 Hayes Street, Civic Center, San Francisco",930,"400 Northlake Drive, West San Jose, San Jose",3/1/2020 - 3/8/2020,3420,2826,4138,57.0
220,1277,"300 Hayes Street, Civic Center, San Francisco",931,"10300 North Stelling Road, Cupertino",3/1/2020 - 3/8/2020,3000,2575,3495,50.0
221,1277,"300 Hayes Street, Civic Center, San Francisco",940,"25200 Belhaven Street, Southgate, Hayward",3/1/2020 - 3/8/2020,2016,1557,2609,33.6
222,1277,"300 Hayes Street, Civic Center, San Francisco",949,"700 Santa Ray Avenue, Lakeshore, Oakland",3/1/2020 - 3/8/2020,1319,971,1790,21.98
223,1277,"300 Hayes Street, Civic Center, San Francisco",950,"Old Sled Trail, Bolinas",3/1/2020 - 3/8/2020,1026,808,1301,17.1
224,1277,"300 Hayes Street, Civic Center, San Francisco",954,"2900 Willow Road, San Pablo",3/1/2020 - 3/8/2020,1667,1209,2297,27.78
225,1277,"300 Hayes Street, Civic Center, San Francisco",957,"33200 Central Avenue, Union City",3/1/2020 - 3/8/2020,2486,1938,3188,41.43
226,1277,"300 Hayes Street, Civic Center, San Francisco",958,"4900 Hildasue Terrace, Ardenwood, Fremont",3/1/2020 - 3/8/2020,2365,1971,2837,39.42
227,1277,"300 Hayes Street, Civic Center, San Francisco",963,"600 Sutter Street, Lower Nob Hill, San Francisco",3/1/2020 - 3/8/2020,434,286,657,7.23
228,1277,"300 Hayes Street, Civic Center, San Francisco",964,"2900 Broderick Street, Cow Hollow, San Francisco",3/1/2020 - 3/8/2020,584,416,818,9.73
229,1277,"300 Hayes Street, Civic Center, San Francisco",965,"200 Topeka Avenue, Silver Terrace, San Francisco",3/1/2020 - 3/8/2020,794,577,1090,13.23
230,1277,"300 Hayes Street, Civic Center, San Francisco",967,"1400 32nd Avenue, Sunset District, San Francisco",3/1/2020 - 3/8/2020,831,632,1092,13.85
231,1277,"300 Hayes Street, Civic Center, San Francisco",968,"3200 Anza Street, Richmond District, San Francisco",3/1/2020 - 3/8/2020,853,663,1096,14.22
232,1277,"300 Hayes Street, Civic Center, San Francisco",983,"4100 Fairlands Drive, Pleasanton",3/1/2020 - 3/8/2020,2583,2123,3141,43.05
233,1277,"300 Hayes Street, Civic Center, San Francisco",1025,"Briones to Mount Diablo Regional Trail, Walnut Creek",3/1/2020 - 3/8/2020,1839,1442,2343,30.65
234,1277,"300 Hayes Street, Civic Center, San Francisco",1030,"5300 Lawton Avenue, Shafter, Oakland",3/1/2020 - 3/8/2020,1147,855,1537,19.12
235,1277,"300 Hayes Street, Civic Center, San Francisco",1031,"1100 Cambridge Drive, Lafayette",3/1/2020 - 3/8/2020,1682,1296,2182,28.03
236,1277,"300 Hayes Street, Civic Center, San Francisco",1032,"Shore Trail, Lafayette",3/1/2020 - 3/8/2020,1640,1263,2128,27.33
237,1277,"300 Hayes Street, Civic Center, San Francisco",1036,"Wilder Road, Wilder, Orinda",3/1/2020 - 3/8/2020,1425,1090,1862,23.75
238,1277,"300 Hayes Street, Civic Center, San Francisco",1038,"Kestrel Loop Trail, Rodeo",3/1/2020 - 3/8/2020,2129,1514,2993,35.48
239,1277,"300 Hayes Street, Civic Center, San Francisco",1044,"Rosa Blanca Drive, Pittsburg",3/1/2020 - 3/8/2020,2460,2129,2841,41.0
240,1277,"300 Hayes Street, Civic Center, San Francisco",1045,"100 Pearl Street, Oakland Ave - Harrison St, Oakland",3/1/2020 - 3/8/2020,1139,874,1483,18.98
241,1277,"300 Hayes Street, Civic Center, San Francisco",1046,"300 Grand Avenue, Adams Point, Oakland",3/1/2020 - 3/8/2020,1159,837,1603,19.32
242,1277,"300 Hayes Street, Civic Center, San Francisco",1047,"1700 Eastshore Boulevard, El Cerrito",3/1/2020 - 3/8/2020,1414,1012,1975,23.57
243,1277,"300 Hayes Street, Civic Center, San Francisco",1048,"Upper Fire Trail, Berkeley",3/1/2020 - 3/8/2020,1367,1018,1835,22.78
244,1277,"300 Hayes Street, Civic Center, San Francisco",1049,"6100 Harwood Avenue, Rockridge, Oakland",3/1/2020 - 3/8/2020,1284,946,1742,21.4
245,1277,"300 Hayes Street, Civic Center, San Francisco",1050,"3700 Towns Court, Pinole",3/1/2020 - 3/8/2020,1923,1374,2690,32.05
246,1277,"300 Hayes Street, Civic Center, San Francisco",1053,"500 Haddon Road, Cleveland Heights, Oakland",3/1/2020 - 3/8/2020,1173,865,1589,19.55
247,1277,"300 Hayes Street, Civic Center, San Francisco",1056,"100 Lakeside Drive, Downtown Oakland, Oakland",3/1/2020 - 3/8/2020,1319,965,1802,21.98
248,1277,"300 Hayes Street, Civic Center, San Francisco",1057,"6300 Brookside Avenue, Upper Rockridge, Oakland",3/1/2020 - 3/8/2020,1218,913,1624,20.3
249,1277,"300 Hayes Street, Civic Center, San Francisco",1058,"6700 Armour Drive, Montclair, Oakland",3/1/2020 - 3/8/2020,1463,1097,1949,24.38
250,1277,"300 Hayes Street, Civic Center, San Francisco",1059,"900 East 22nd Street, Clinton, Oakland",3/1/2020 - 3/8/2020,1207,1017,1431,20.12
251,1277,"300 Hayes Street, Civic Center, San Francisco",1060,"3600 East 8th Street, South Kennedy Tract, Oakland",3/1/2020 - 3/8/2020,1311,954,1800,21.85
252,1277,"300 Hayes Street, Civic Center, San Francisco",1062,"3300 Davis Street, Peralta Hacienda, Oakland",3/1/2020 - 3/8/2020,1300,972,1738,21.67
253,1277,"300 Hayes Street, Civic Center, San Francisco",1063,"800 54th Avenue, Coliseum Industrial, Oakland",3/1/2020 - 3/8/2020,1368,994,1881,22.8
254,1277,"300 Hayes Street, Civic Center, San Francisco",1066,"7200 Doolittle Drive, Oakland",3/1/2020 - 3/8/2020,1559,1159,2096,25.98
255,1277,"300 Hayes Street, Civic Center, San Francisco",1068,"1600 Poplar Street, West Oakland, Oakland",3/1/2020 - 3/8/2020,1020,740,1404,17.0
256,1277,"300 Hayes Street, Civic Center, San Francisco",1069,"700 Hillside Avenue, Albany",3/1/2020 - 3/8/2020,1291,928,1794,21.52
257,1277,"300 Hayes Street, Civic Center, San Francisco",1070,"1000 Cornell Avenue, Albany",3/1/2020 - 3/8/2020,1516,1147,2002,25.27
258,1277,"300 Hayes Street, Civic Center, San Francisco",1072,"1700 Chestnut Street, Northwest Berkeley, Berkeley",3/1/2020 - 3/8/2020,1287,1018,1625,21.45
259,1277,"300 Hayes Street, Civic Center, San Francisco",1073,"100 Panoramic Way, Berkeley",3/1/2020 - 3/8/2020,1633,1280,2082,27.22
260,1277,"300 Hayes Street, Civic Center, San Francisco",1074,"2300 Ninth Street, Southwest Berkeley, Berkeley",3/1/2020 - 3/8/2020,1222,926,1612,20.37
261,1277,"300 Hayes Street, Civic Center, San Francisco",1079,"0 The Plaza Drive, Claremont, Berkeley",3/1/2020 - 3/8/2020,1400,1074,1824,23.33
262,1277,"300 Hayes Street, Civic Center, San Francisco",1080,"Pier 2, Emeryville",3/1/2020 - 3/8/2020,942,676,1310,15.7
263,1277,"300 Hayes Street, Civic Center, San Francisco",1081,"1300 Powell Street, Emeryville",3/1/2020 - 3/8/2020,1177,846,1636,19.62
264,1277,"300 Hayes Street, Civic Center, San Francisco",1082,"2000 Clement Avenue, Alameda",3/1/2020 - 3/8/2020,1408,1082,1831,23.47
265,1277,"300 Hayes Street, Civic Center, San Francisco",1085,"22200 Eden Canyon Road, Castro Valley",3/1/2020 - 3/8/2020,2088,1678,2597,34.8
266,1277,"300 Hayes Street, Civic Center, San Francisco",1087,"900 Dowling Boulevard, Broadmoor, San Leandro",3/1/2020 - 3/8/2020,1635,1259,2121,27.25
267,1277,"300 Hayes Street, Civic Center, San Francisco",1089,"1700 Wayne Avenue, Davis Tract, San Leandro",3/1/2020 - 3/8/2020,1602,1231,2083,26.7
268,1277,"300 Hayes Street, Civic Center, San Francisco",1090,"200 Reva Avenue, Davis Tract, San Leandro",3/1/2020 - 3/8/2020,1544,1216,1959,25.73
269,1277,"300 Hayes Street, Civic Center, San Francisco",1097,"15500 Tracy Street, San Lorenzo",3/1/2020 - 3/8/2020,1930,1455,2560,32.17
270,1277,"300 Hayes Street, Civic Center, San Francisco",1098,"600 Elgin Street, San Lorenzo",3/1/2020 - 3/8/2020,1802,1376,2359,30.03
271,1277,"300 Hayes Street, Civic Center, San Francisco",1099,"30600 Palomares Road, Castro Valley",3/1/2020 - 3/8/2020,2086,1641,2651,34.77
272,1277,"300 Hayes Street, Civic Center, San Francisco",1100,"0 Via Diego, San Lorenzo",3/1/2020 - 3/8/2020,1895,1447,2481,31.58
273,1277,"300 Hayes Street, Civic Center, San Francisco",1103,"27100 Patrick Avenue, Harder - Tennyson, Hayward",3/1/2020 - 3/8/2020,2231,1678,2965,37.18
274,1277,"300 Hayes Street, Civic Center, San Francisco",1106,"30100 Ahern Avenue, Union City",3/1/2020 - 3/8/2020,2298,1814,2909,38.3
275,1277,"300 Hayes Street, Civic Center, San Francisco",1111,"John Slough, Novato",3/1/2020 - 3/8/2020,2339,2088,2619,38.98
276,1277,"300 Hayes Street, Civic Center, San Francisco",1114,"0 Bahama Reef, Novato",3/1/2020 - 3/8/2020,2091,1804,2423,34.85
277,1277,"300 Hayes Street, Civic Center, San Francisco",1115,"Saint Vincents Drive, San Rafael",3/1/2020 - 3/8/2020,1863,1588,2185,31.05
278,1277,"300 Hayes Street, Civic Center, San Francisco",1118,"0 South Ridgewood Road, Kentfield",3/1/2020 - 3/8/2020,1881,1492,2370,31.35
279,1277,"300 Hayes Street, Civic Center, San Francisco",1119,"0 Locust Avenue, Larkspur",3/1/2020 - 3/8/2020,1561,1265,1925,26.02
280,1277,"300 Hayes Street, Civic Center, San Francisco",1120,"0 Spindrift Passage, Corte Madera",3/1/2020 - 3/8/2020,1458,1191,1784,24.3
281,1277,"300 Hayes Street, Civic Center, San Francisco",1121,"300 Ridgewood Avenue, Mill Valley",3/1/2020 - 3/8/2020,1242,1031,1494,20.7
282,1277,"300 Hayes Street, Civic Center, San Francisco",1209,"600 Woodside Drive, Woodside Hills, Woodside",3/1/2020 - 3/8/2020,2277,1843,2812,37.95
283,1277,"300 Hayes Street, Civic Center, San Francisco",1210,"Cypress Ridge Road, Redwood City",3/1/2020 - 3/8/2020,1912,1543,2368,31.87
284,1277,"300 Hayes Street, Civic Center, San Francisco",1211,"700 Coleman Avenue, Menlo Park",3/1/2020 - 3/8/2020,2212,1770,2763,36.87
285,1277,"300 Hayes Street, Civic Center, San Francisco",1244,"800 Jackson Street, Chinatown, San Francisco",3/1/2020 - 3/8/2020,704,490,1010,11.73
286,1277,"300 Hayes Street, Civic Center, San Francisco",1245,"500 Geary Street, Tenderloin, San Francisco",3/1/2020 - 3/8/2020,420,278,634,7.0
287,1277,"300 Hayes Street, Civic Center, San Francisco",1246,"300 McAllister Street, Civic Center, San Francisco",3/1/2020 - 3/8/2020,138,63,302,2.3
288,1277,"300 Hayes Street, Civic Center, San Francisco",1247,"100 Magnolia Street, Marina District, San Francisco",3/1/2020 - 3/8/2020,424,293,613,7.07
289,1277,"300 Hayes Street, Civic Center, San Francisco",1257,"2400 Octavia Street, Pacific Heights, San Francisco",3/1/2020 - 3/8/2020,266,170,414,4.43
290,1277,"300 Hayes Street, Civic Center, San Francisco",1258,"2600 Broadway, Pacific Heights, San Francisco",3/1/2020 - 3/8/2020,548,375,798,9.13
291,1277,"300 Hayes Street, Civic Center, San Francisco",1259,"2100 Divisadero Street, Pacific Heights, San Francisco",3/1/2020 - 3/8/2020,521,378,716,8.68
292,1277,"300 Hayes Street, Civic Center, San Francisco",1260,"1800 Scott Street, Western Addition, San Francisco",3/1/2020 - 3/8/2020,452,318,642,7.53
293,1277,"300 Hayes Street, Civic Center, San Francisco",1261,"700 Presidio Avenue, Western Addition, San Francisco",3/1/2020 - 3/8/2020,528,388,717,8.8
294,1277,"300 Hayes Street, Civic Center, San Francisco",1265,"0 Stoneybrook Avenue, Excelsior, San Francisco",3/1/2020 - 3/8/2020,610,433,857,10.17
295,1277,"300 Hayes Street, Civic Center, San Francisco",1271,"200 Bacon Street, Excelsior, San Francisco",3/1/2020 - 3/8/2020,530,373,752,8.83
296,1277,"300 Hayes Street, Civic Center, San Francisco",1272,"500 Moscow Street, Excelsior, San Francisco",3/1/2020 - 3/8/2020,981,748,1286,16.35
297,1277,"300 Hayes Street, Civic Center, San Francisco",1273,"200 Naglee Avenue, Outer Mission, San Francisco",3/1/2020 - 3/8/2020,801,569,1125,13.35
298,1277,"300 Hayes Street, Civic Center, San Francisco",1275,"0 McLaren Avenue, Sea Cliff, San Francisco",3/1/2020 - 3/8/2020,1006,774,1306,16.77
299,1277,"300 Hayes Street, Civic Center, San Francisco",1276,"1100 Golden Gate Avenue, Western Addition, San Francisco",3/1/2020 - 3/8/2020,192,92,399,3.2
300,1277,"300 Hayes Street, Civic Center, San Francisco",1277,"300 Hayes Street, Civic Center, San Francisco",3/1/2020 - 3/8/2020,124,48,317,2.07
301,1277,"300 Hayes Street, Civic Center, San Francisco",1278,"100 Noe Street, The Castro, San Francisco",3/1/2020 - 3/8/2020,321,221,464,5.35
302,1277,"300 Hayes Street, Civic Center, San Francisco",1279,"1100 Folsom Street, South of Market, San Francisco",3/1/2020 - 3/8/2020,296,183,478,4.93
303,1277,"300 Hayes Street, Civic Center, San Francisco",1280,"300 Church Street, Mission District, San Francisco",3/1/2020 - 3/8/2020,353,245,507,5.88
304,1277,"300 Hayes Street, Civic Center, San Francisco",1281,"700 Guerrero Street, Mission Dolores, San Francisco",3/1/2020 - 3/8/2020,445,327,604,7.42
305,1277,"300 Hayes Street, Civic Center, San Francisco",1282,"1600 Church Street, Noe Valley, San Francisco",3/1/2020 - 3/8/2020,790,612,1019,13.17
306,1277,"300 Hayes Street, Civic Center, San Francisco",1291,"1500 Balboa Street, Richmond District, San Francisco",3/1/2020 - 3/8/2020,723,541,964,12.05
307,1277,"300 Hayes Street, Civic Center, San Francisco",1292,"1300 Wright Loop, Presidio, San Francisco",3/1/2020 - 3/8/2020,823,605,1118,13.72
308,1277,"300 Hayes Street, Civic Center, San Francisco",1293,"400 Moraga Street, Sunset District, San Francisco",3/1/2020 - 3/8/2020,777,573,1051,12.95
309,1277,"300 Hayes Street, Civic Center, San Francisco",1294,"600 Panorama Drive, Midtown Terrace, San Francisco",3/1/2020 - 3/8/2020,926,717,1195,15.43
310,1277,"300 Hayes Street, Civic Center, San Francisco",1295,"0 Avoca Alley, West of Twin Peaks, San Francisco",3/1/2020 - 3/8/2020,1061,790,1424,17.68
311,1277,"300 Hayes Street, Civic Center, San Francisco",1296,"1300 22nd Avenue, Sunset District, San Francisco",3/1/2020 - 3/8/2020,739,544,1003,12.32
312,1277,"300 Hayes Street, Civic Center, San Francisco",1297,"100 Font Boulevard, Lakeshore, San Francisco",3/1/2020 - 3/8/2020,1172,867,1582,19.53
313,1277,"300 Hayes Street, Civic Center, San Francisco",1298,"200 3rd Avenue, Richmond District, San Francisco",3/1/2020 - 3/8/2020,665,509,868,11.08
314,1277,"300 Hayes Street, Civic Center, San Francisco",1299,"8700 Mission Rock Street, South of Market, San Francisco",3/1/2020 - 3/8/2020,576,398,831,9.6
315,1277,"300 Hayes Street, Civic Center, San Francisco",1300,"200 John F Kennedy Drive, Golden Gate Park, San Francisco",3/1/2020 - 3/8/2020,409,256,652,6.82
316,1277,"300 Hayes Street, Civic Center, San Francisco",1302,"Tasman Drive, Santa Clara",3/1/2020 - 3/8/2020,2892,2297,3640,48.2
317,1277,"300 Hayes Street, Civic Center, San Francisco",1304,"2300 Lafayette Street, Santa Clara",3/1/2020 - 3/8/2020,2960,2389,3666,49.33
318,1277,"300 Hayes Street, Civic Center, San Francisco",1309,"300 Kiely Boulevard, West San Jose, San Jose",3/1/2020 - 3/8/2020,3359,2781,4055,55.98
319,1277,"300 Hayes Street, Civic Center, San Francisco",1311,"4600 Alex Drive, West San Jose, San Jose",3/1/2020 - 3/8/2020,3043,2654,3488,50.72
320,1277,"300 Hayes Street, Civic Center, San Francisco",1329,"1100 Archer Way, San Tomas, Campbell",3/1/2020 - 3/8/2020,3057,2657,3516,50.95
321,1277,"300 Hayes Street, Civic Center, San Francisco",1332,"100 Los Patios, Los Gatos",3/1/2020 - 3/8/2020,3141,2721,3625,52.35
322,1277,"300 Hayes Street, Civic Center, San Francisco",1333,"21800 Lomita Avenue, Cupertino",3/1/2020 - 3/8/2020,2832,2375,3376,47.2
323,1277,"300 Hayes Street, Civic Center, San Francisco",1337,"1100 Jamestown Drive, Sunnyvale West, Sunnyvale",3/1/2020 - 3/8/2020,2769,2179,3518,46.15
324,1277,"300 Hayes Street, Civic Center, San Francisco",1338,"700 East Evelyn Avenue, Sunnyvale",3/1/2020 - 3/8/2020,3399,2607,4430,56.65
325,1277,"300 Hayes Street, Civic Center, San Francisco",1339,"700 San Juan Drive, San Miguel, Sunnyvale",3/1/2020 - 3/8/2020,2942,2293,3773,49.03
326,1277,"300 Hayes Street, Civic Center, San Francisco",1357,"1300 Holly Avenue, Los Altos",3/1/2020 - 3/8/2020,2671,2173,3282,44.52
327,1277,"300 Hayes Street, Civic Center, San Francisco",1360,"300 Waverley Street, Downtown North, Palo Alto",3/1/2020 - 3/8/2020,2568,2172,3036,42.8
328,1277,"300 Hayes Street, Civic Center, San Francisco",1361,"26200 Catharine Court, Los Altos Hills",3/1/2020 - 3/8/2020,2819,2341,3394,46.98
329,1277,"300 Hayes Street, Civic Center, San Francisco",1363,"Reservoir Road, Stanford",3/1/2020 - 3/8/2020,2685,2177,3310,44.75
330,1277,"300 Hayes Street, Civic Center, San Francisco",1437,"200 Knowles Avenue, Daly City",3/1/2020 - 3/8/2020,950,673,1339,15.83
331,1277,"300 Hayes Street, Civic Center, San Francisco",1438,"300 87th Street, St. Francis, Daly City",3/1/2020 - 3/8/2020,912,664,1250,15.2
332,1277,"300 Hayes Street, Civic Center, San Francisco",1443,"100 Serramonte Boulevard, Serramonte, Daly City",3/1/2020 - 3/8/2020,1027,750,1405,17.12
333,1277,"300 Hayes Street, Civic Center, San Francisco",1446,"700 Larch Avenue, Paradise Valley, South San Francisco",3/1/2020 - 3/8/2020,1072,828,1387,17.87
334,1277,"300 Hayes Street, Civic Center, San Francisco",1447,"200 9th Lane, Downtown, South San Francisco",3/1/2020 - 3/8/2020,959,756,1216,15.98
335,1277,"300 Hayes Street, Civic Center, San Francisco",1448,"300 Baden Avenue, Downtown, South San Francisco",3/1/2020 - 3/8/2020,1052,795,1390,17.53
336,1277,"300 Hayes Street, Civic Center, San Francisco",1449,"500 Forbes Boulevard, The East Side, South San Francisco",3/1/2020 - 3/8/2020,857,663,1106,14.28
337,1277,"300 Hayes Street, Civic Center, San Francisco",1450,"0 Brookhaven Court, Fairmont, Pacifica",3/1/2020 - 3/8/2020,1135,806,1598,18.92
338,1277,"300 Hayes Street, Civic Center, San Francisco",1451,"400 Loma Vista Terrace, Sharp Park, Pacifica",3/1/2020 - 3/8/2020,1188,859,1642,19.8
339,1277,"300 Hayes Street, Civic Center, San Francisco",1452,"200 Ramona Avenue, Vallemar, Pacifica",3/1/2020 - 3/8/2020,1260,885,1793,21.0
340,1277,"300 Hayes Street, Civic Center, San Francisco",1453,"2700 Campus Drive, Beresford Park, San Mateo",3/1/2020 - 3/8/2020,1809,1400,2336,30.15
341,1277,"300 Hayes Street, Civic Center, San Francisco",1454,"300 East 28th Avenue, South San Mateo, San Mateo",3/1/2020 - 3/8/2020,1676,1260,2228,27.93
342,1277,"300 Hayes Street, Civic Center, San Francisco",1455,"1800 Helene Court, East San Mateo, San Mateo",3/1/2020 - 3/8/2020,1435,1130,1821,23.92
343,1277,"300 Hayes Street, Civic Center, San Francisco",1456,"Montara Mountain Trail, Pacifica",3/1/2020 - 3/8/2020,1403,634,3103,23.38
344,1277,"300 Hayes Street, Civic Center, San Francisco",1457,"1500 Donner Avenue, San Bruno",3/1/2020 - 3/8/2020,1254,982,1600,20.9
345,1277,"300 Hayes Street, Civic Center, San Francisco",1458,"0 Colorados Drive, Millbrae",3/1/2020 - 3/8/2020,1386,1104,1739,23.1
346,1277,"300 Hayes Street, Civic Center, San Francisco",1460,"400 Williams Place, Central San Mateo, San Mateo",3/1/2020 - 3/8/2020,1534,1255,1874,25.57
347,1277,"300 Hayes Street, Civic Center, San Francisco",1461,"200 North Fremont Street, Central San Mateo, San Mateo",3/1/2020 - 3/8/2020,1426,1105,1839,23.77
348,1277,"300 Hayes Street, Civic Center, San Francisco",1464,"200 Cupertino Way, South San Mateo, San Mateo",3/1/2020 - 3/8/2020,1725,1317,2258,28.75
349,1277,"300 Hayes Street, Civic Center, San Francisco",1467,"2600 Somerset Drive, Belmont",3/1/2020 - 3/8/2020,1869,1517,2302,31.15
350,1277,"300 Hayes Street, Civic Center, San Francisco",1470,"1500 Oxford Street, Palm Park, Redwood City",3/1/2020 - 3/8/2020,2032,1678,2459,33.87
351,1277,"300 Hayes Street, Civic Center, San Francisco",1472,"200 Oakhurst Place, Suburban Park - Lorelei Manor - Flood Park Triangle, Menlo Park",3/1/2020 - 3/8/2020,2130,1727,2626,35.5
352,1277,"300 Hayes Street, Civic Center, San Francisco",1498,"1100 Park Avenue, Emeryville",3/1/2020 - 3/8/2020,1189,827,1708,19.82
353,1277,"300 Hayes Street, Civic Center, San Francisco",1499,"900 Atlantic Avenue, Alameda",3/1/2020 - 3/8/2020,1492,1187,1875,24.87
354,1277,"300 Hayes Street, Civic Center, San Francisco",1504,"5800 Christie Avenue, Emeryville",3/1/2020 - 3/8/2020,1007,725,1398,16.78
355,1277,"300 Hayes Street, Civic Center, San Francisco",1510,"500 Buena Vista Avenue, West Alameda, Alameda",3/1/2020 - 3/8/2020,1563,1297,1882,26.05
356,1277,"300 Hayes Street, Civic Center, San Francisco",1511,"2300 Oregon Street, South Berkeley, Berkeley",3/1/2020 - 3/8/2020,1533,1187,1979,25.55
357,1277,"300 Hayes Street, Civic Center, San Francisco",1512,"2000 Essex Street, South Berkeley, Berkeley",3/1/2020 - 3/8/2020,1455,1049,2016,24.25
358,1277,"300 Hayes Street, Civic Center, San Francisco",1513,"Dwight D. Eisenhower Highway, Berkeley",3/1/2020 - 3/8/2020,1121,812,1546,18.68
359,1277,"300 Hayes Street, Civic Center, San Francisco",1514,"1700 McGee Avenue, North Berkeley, Berkeley",3/1/2020 - 3/8/2020,1484,1203,1829,24.73
360,1277,"300 Hayes Street, Civic Center, San Francisco",1515,"1700 Scenic Avenue, Northside, Berkeley",3/1/2020 - 3/8/2020,1807,1559,2093,30.12
361,1277,"300 Hayes Street, Civic Center, San Francisco",1516,"1300 Ward Street, Southwest Berkeley, Berkeley",3/1/2020 - 3/8/2020,1188,878,1605,19.8
362,1277,"300 Hayes Street, Civic Center, San Francisco",1518,"1300 67th Street, Southwest Berkeley, Berkeley",3/1/2020 - 3/8/2020,1134,835,1539,18.9
363,1277,"300 Hayes Street, Civic Center, San Francisco",1519,"2600 99th Avenue, Toler Heights, Oakland",3/1/2020 - 3/8/2020,1595,1213,2096,26.58
364,1277,"300 Hayes Street, Civic Center, San Francisco",1526,"500 Weldon Avenue, Grand Lake, Oakland",3/1/2020 - 3/8/2020,1344,939,1923,22.4
365,1277,"300 Hayes Street, Civic Center, San Francisco",1527,"200 John Street, Piedmont Avenue, Oakland",3/1/2020 - 3/8/2020,1429,1082,1886,23.82
366,1277,"300 Hayes Street, Civic Center, San Francisco",1528,"6400 Gwin Road, Merriewood, Oakland",3/1/2020 - 3/8/2020,1267,954,1682,21.12
367,1277,"300 Hayes Street, Civic Center, San Francisco",1529,"6100 Estates Drive, Montclair, Piedmont",3/1/2020 - 3/8/2020,1361,1050,1762,22.68
368,1277,"300 Hayes Street, Civic Center, San Francisco",1532,"600 East 18th Street, Clinton, Oakland",3/1/2020 - 3/8/2020,1437,1111,1858,23.95
369,1277,"300 Hayes Street, Civic Center, San Francisco",1534,"600 East 8th Street, Downtown Oakland, Oakland",3/1/2020 - 3/8/2020,1212,875,1676,20.2
370,1277,"300 Hayes Street, Civic Center, San Francisco",1536,"2900 Sheffield Avenue, Reservoir Hills, Oakland",3/1/2020 - 3/8/2020,1238,922,1661,20.63
371,1277,"300 Hayes Street, Civic Center, San Francisco",1537,"3200 Suter Street, Upper Peralta Creek, Oakland",3/1/2020 - 3/8/2020,1293,967,1728,21.55
372,1277,"300 Hayes Street, Civic Center, San Francisco",1545,"1300 Willow Avenue, Hercules",3/1/2020 - 3/8/2020,2013,1455,2783,33.55
373,1277,"300 Hayes Street, Civic Center, San Francisco",1546,"5400 Sobrante Avenue, El Sobrante",3/1/2020 - 3/8/2020,1887,1350,2637,31.45
374,1277,"300 Hayes Street, Civic Center, San Francisco",1547,"2600 Brian Road, San Pablo",3/1/2020 - 3/8/2020,1926,1358,2730,32.1
375,1277,"300 Hayes Street, Civic Center, San Francisco",1550,"30800 San Clemente Street, Hayward",3/1/2020 - 3/8/2020,2284,1804,2890,38.07
376,1277,"300 Hayes Street, Civic Center, San Francisco",1551,"100 Palm Drive, Union City",3/1/2020 - 3/8/2020,2392,1894,3020,39.87
377,1277,"300 Hayes Street, Civic Center, San Francisco",1555,"3600 Johnson Court, Northgate, Fremont",3/1/2020 - 3/8/2020,2671,2094,3406,44.52
378,1277,"300 Hayes Street, Civic Center, San Francisco",1556,"3400 Beard Road, Northgate, Fremont",3/1/2020 - 3/8/2020,2459,1945,3107,40.98
379,1277,"300 Hayes Street, Civic Center, San Francisco",1557,"7000 Auto Mall Parkway, Fremont",3/1/2020 - 3/8/2020,2825,2251,3544,47.08
380,1277,"300 Hayes Street, Civic Center, San Francisco",1559,"500 Embarcadero West, Downtown Oakland, Oakland",3/1/2020 - 3/8/2020,1098,791,1523,18.3
381,1277,"300 Hayes Street, Civic Center, San Francisco",1567,"Lake Boulevard, Newark",3/1/2020 - 3/8/2020,2516,2001,3162,41.93
382,1277,"300 Hayes Street, Civic Center, San Francisco",1570,"0 Tehan Canyon Road, Pleasanton",3/1/2020 - 3/8/2020,2221,1817,2713,37.02
383,1277,"300 Hayes Street, Civic Center, San Francisco",1571,"500 Stonebridge Court, Pleasant Hill",3/1/2020 - 3/8/2020,2267,1638,3136,37.78
384,1277,"300 Hayes Street, Civic Center, San Francisco",1577,"800 West Tower Avenue, Alameda",3/1/2020 - 3/8/2020,1531,1198,1956,25.52
385,1277,"300 Hayes Street, Civic Center, San Francisco",1597,"26200 Regal Avenue, Harder - Tennyson, Hayward",3/1/2020 - 3/8/2020,2197,1656,2914,36.62
386,1277,"300 Hayes Street, Civic Center, San Francisco",1604,"200 John Glenn Drive, Concord",3/1/2020 - 3/8/2020,2339,1726,3168,38.98
387,1277,"300 Hayes Street, Civic Center, San Francisco",1608,"1100 Studebaker Road, Saranap, Walnut Creek",3/1/2020 - 3/8/2020,1829,1436,2328,30.48
388,1277,"300 Hayes Street, Civic Center, San Francisco",1613,"1800 Castle Gate Road, Walnut Creek",3/1/2020 - 3/8/2020,2085,1629,2667,34.75
389,1277,"300 Hayes Street, Civic Center, San Francisco",1628,"800 Orange Blossom Way, Danville",3/1/2020 - 3/8/2020,2623,2066,3329,43.72
390,1277,"300 Hayes Street, Civic Center, San Francisco",1629,"500 Peru Avenue, Excelsior, San Francisco",3/1/2020 - 3/8/2020,804,522,1236,13.4
391,1277,"300 Hayes Street, Civic Center, San Francisco",1630,"800 Bacon Street, Excelsior, San Francisco",3/1/2020 - 3/8/2020,793,548,1146,13.22
392,1277,"300 Hayes Street, Civic Center, San Francisco",1633,"2800 Fountainhead Drive, San Ramon",3/1/2020 - 3/8/2020,2552,1996,3261,42.53
393,1277,"300 Hayes Street, Civic Center, San Francisco",1634,"500 Hemme Avenue, Alamo",3/1/2020 - 3/8/2020,2287,1770,2954,38.12
394,1277,"300 Hayes Street, Civic Center, San Francisco",1639,"0 Curtis Street, Crocker-Amazon, San Francisco",3/1/2020 - 3/8/2020,1092,809,1473,18.2
395,1277,"300 Hayes Street, Civic Center, San Francisco",1646,"100 Murray Street, Bernal Heights, San Francisco",3/1/2020 - 3/8/2020,601,415,870,10.02
396,1277,"300 Hayes Street, Civic Center, San Francisco",1647,"500 Brunswick Street, Crocker-Amazon, San Francisco",3/1/2020 - 3/8/2020,1055,808,1376,17.58
397,1277,"300 Hayes Street, Civic Center, San Francisco",1648,"Historic Trail, Inner Sunset, San Francisco",3/1/2020 - 3/8/2020,654,480,890,10.9
398,1277,"300 Hayes Street, Civic Center, San Francisco",1649,"1300 10th Avenue, Inner Sunset, San Francisco",3/1/2020 - 3/8/2020,595,440,803,9.92
399,1277,"300 Hayes Street, Civic Center, San Francisco",1650,"1900 16th Avenue, Inner Sunset, San Francisco",3/1/2020 - 3/8/2020,946,714,1253,15.77
400,1277,"300 Hayes Street, Civic Center, San Francisco",1651,"600 39th Street, North & East, Richmond",3/1/2020 - 3/8/2020,1569,1103,2231,26.15
401,1277,"300 Hayes Street, Civic Center, San Francisco",1654,"Regatta Boulevard, Marina Bay, Richmond",3/1/2020 - 3/8/2020,1479,1131,1933,24.65
402,1277,"300 Hayes Street, Civic Center, San Francisco",1655,"100 South 35th Street, Pullman, Richmond",3/1/2020 - 3/8/2020,1509,1071,2125,25.15
403,1277,"300 Hayes Street, Civic Center, San Francisco",1674,"200 Hyde Street, Tenderloin, San Francisco",3/1/2020 - 3/8/2020,315,201,493,5.25
404,1277,"300 Hayes Street, Civic Center, San Francisco",1677,"200 Funston Road, Marina District, San Francisco",3/1/2020 - 3/8/2020,561,401,784,9.35
405,1277,"300 Hayes Street, Civic Center, San Francisco",1682,"700 Haight Street, Lower Haight, San Francisco",3/1/2020 - 3/8/2020,325,199,528,5.42
406,1277,"300 Hayes Street, Civic Center, San Francisco",1686,"0 The Embarcadero, North Beach, San Francisco",3/1/2020 - 3/8/2020,878,621,1240,14.63
407,1277,"300 Hayes Street, Civic Center, San Francisco",1687,"1400 Powell Street, Russian Hill, San Francisco",3/1/2020 - 3/8/2020,593,418,839,9.88
408,1277,"300 Hayes Street, Civic Center, San Francisco",1688,"1100 Taylor Street, Nob Hill, San Francisco",3/1/2020 - 3/8/2020,556,378,817,9.27
409,1277,"300 Hayes Street, Civic Center, San Francisco",1689,"200 Sutter Street, Financial District, San Francisco",3/1/2020 - 3/8/2020,622,416,929,10.37
410,1277,"300 Hayes Street, Civic Center, San Francisco",1690,"900 Pine Street, Lower Nob Hill, San Francisco",3/1/2020 - 3/8/2020,493,331,732,8.22
411,1277,"300 Hayes Street, Civic Center, San Francisco",1691,"200 O'Farrell Street, Tenderloin, San Francisco",3/1/2020 - 3/8/2020,457,308,676,7.62
412,1277,"300 Hayes Street, Civic Center, San Francisco",1692,"800 Mission Street, South of Market, San Francisco",3/1/2020 - 3/8/2020,234,130,418,3.9
413,1277,"300 Hayes Street, Civic Center, San Francisco",1694,"700 Folsom Street, South of Market, San Francisco",3/1/2020 - 3/8/2020,612,423,884,10.2
414,1277,"300 Hayes Street, Civic Center, San Francisco",1695,"5th Street, Treasure Island, San Francisco",3/1/2020 - 3/8/2020,689,449,1056,11.48
415,1277,"300 Hayes Street, Civic Center, San Francisco",1696,"4700 18th Street, Eureka Valley, San Francisco",3/1/2020 - 3/8/2020,618,467,817,10.3
416,1277,"300 Hayes Street, Civic Center, San Francisco",1697,"400 Burnett Avenue, Twin Peaks, San Francisco",3/1/2020 - 3/8/2020,763,563,1032,12.72
417,1277,"300 Hayes Street, Civic Center, San Francisco",1698,"3500 20th Street, Mission District, San Francisco",3/1/2020 - 3/8/2020,378,278,513,6.3
418,1277,"300 Hayes Street, Civic Center, San Francisco",1699,"900 Sanchez Street, Dolores Heights, San Francisco",3/1/2020 - 3/8/2020,620,476,807,10.33
419,1277,"300 Hayes Street, Civic Center, San Francisco",1700,"3900 25th Street, Noe Valley, San Francisco",3/1/2020 - 3/8/2020,709,547,917,11.82
420,1277,"300 Hayes Street, Civic Center, San Francisco",1701,"600 28th Street, Noe Valley, San Francisco",3/1/2020 - 3/8/2020,869,697,1082,14.48
421,1277,"300 Hayes Street, Civic Center, San Francisco",1702,"100 Randall Street, Glen Park, San Francisco",3/1/2020 - 3/8/2020,934,708,1231,15.57
422,1277,"300 Hayes Street, Civic Center, San Francisco",1703,"2600 21st Street, Mission District, San Francisco",3/1/2020 - 3/8/2020,371,245,560,6.18
423,1277,"300 Hayes Street, Civic Center, San Francisco",1704,"2900 24th Street, Mission District, San Francisco",3/1/2020 - 3/8/2020,554,392,781,9.23
424,1277,"300 Hayes Street, Civic Center, San Francisco",1705,"0 Conkling Street, Silver Terrace, San Francisco",3/1/2020 - 3/8/2020,774,538,1111,12.9
425,1277,"300 Hayes Street, Civic Center, San Francisco",1706,"700 Bernal Heights Boulevard, Bernal Heights, San Francisco",3/1/2020 - 3/8/2020,644,466,888,10.73
426,1277,"300 Hayes Street, Civic Center, San Francisco",1707,"100 Appleton Avenue, Bernal Heights, San Francisco",3/1/2020 - 3/8/2020,906,663,1238,15.1
427,1277,"300 Hayes Street, Civic Center, San Francisco",1710,"100 Morningside Drive, Lakeshore, San Francisco",3/1/2020 - 3/8/2020,1377,1076,1760,22.95
428,1277,"300 Hayes Street, Civic Center, San Francisco",1718,"300 Arballo Drive, Lakeshore, San Francisco",3/1/2020 - 3/8/2020,1274,964,1682,21.23
429,1277,"300 Hayes Street, Civic Center, San Francisco",1720,"2200 47th Avenue, Sunset District, San Francisco",3/1/2020 - 3/8/2020,1329,1064,1659,22.15
430,1277,"300 Hayes Street, Civic Center, San Francisco",1721,"Bayfront Expressway, Menlo Park",3/1/2020 - 3/8/2020,2115,1663,2689,35.25
431,1277,"300 Hayes Street, Civic Center, San Francisco",1722,"200 9th Avenue, Richmond District, San Francisco",3/1/2020 - 3/8/2020,769,572,1032,12.82
432,1277,"300 Hayes Street, Civic Center, San Francisco",1723,"600 Burrows Avenue, San Bruno",3/1/2020 - 3/8/2020,1265,970,1649,21.08
433,1277,"300 Hayes Street, Civic Center, San Francisco",1724,"2200 Euclid Avenue, East Palo Alto",3/1/2020 - 3/8/2020,2172,1719,2744,36.2
434,1277,"300 Hayes Street, Civic Center, San Francisco",1726,"1700 Oakdell Drive, Menlo Park",3/1/2020 - 3/8/2020,2565,2166,3036,42.75
435,1277,"300 Hayes Street, Civic Center, San Francisco",1728,"800 Easton Avenue, San Bruno",3/1/2020 - 3/8/2020,1376,1023,1850,22.93
436,1277,"300 Hayes Street, Civic Center, San Francisco",1729,"1500 Adrian Road, Ingold - Milldale, Burlingame",3/1/2020 - 3/8/2020,1194,934,1525,19.9
437,1277,"300 Hayes Street, Civic Center, San Francisco",1730,"0 Park Lane, Brisbane",3/1/2020 - 3/8/2020,701,520,943,11.68
438,1277,"300 Hayes Street, Civic Center, San Francisco",1731,"0 Orange Court, Hillside, Daly City",3/1/2020 - 3/8/2020,1298,972,1732,21.63
439,1277,"300 Hayes Street, Civic Center, San Francisco",1732,"0 Longview Drive, Westlake, Daly City",3/1/2020 - 3/8/2020,1115,796,1561,18.58
440,1277,"300 Hayes Street, Civic Center, San Francisco",1733,"0 Barry Lane, West Atherton, Atherton",3/1/2020 - 3/8/2020,2361,1999,2788,39.35
441,1277,"300 Hayes Street, Civic Center, San Francisco",1734,"0 Flood Circle, Lindenwood, Atherton",3/1/2020 - 3/8/2020,2259,1890,2699,37.65
442,1277,"300 Hayes Street, Civic Center, San Francisco",1735,"100 Clark Drive, Central San Mateo, San Mateo",3/1/2020 - 3/8/2020,1537,1324,1783,25.62
443,1277,"300 Hayes Street, Civic Center, San Francisco",1736,"2500 Sand Hill Road, Sharon Heights, Menlo Park",3/1/2020 - 3/8/2020,2472,2002,3052,41.2
444,1277,"300 Hayes Street, Civic Center, San Francisco",1737,"700 Westridge Drive, Central Portola Valley, Portola Valley",3/1/2020 - 3/8/2020,2453,1981,3037,40.88
445,1277,"300 Hayes Street, Civic Center, San Francisco",1738,"1000 Wildwood Avenue, Westlake, Daly City",3/1/2020 - 3/8/2020,1176,886,1559,19.6
446,1277,"300 Hayes Street, Civic Center, San Francisco",1739,"0 Reiner Street, Daly City",3/1/2020 - 3/8/2020,997,706,1407,16.62
447,1277,"300 Hayes Street, Civic Center, San Francisco",1740,"800 Campus Drive, Serramonte, Daly City",3/1/2020 - 3/8/2020,1059,769,1457,17.65
448,1277,"300 Hayes Street, Civic Center, San Francisco",1741,"200 Morton Drive, Serramonte, Daly City",3/1/2020 - 3/8/2020,1220,937,1587,20.33
449,1277,"300 Hayes Street, Civic Center, San Francisco",1742,"Junipero Serra Boulevard, Serra Highlands, South San Francisco",3/1/2020 - 3/8/2020,1230,972,1555,20.5
450,1277,"300 Hayes Street, Civic Center, San Francisco",1743,"600 San Bruno Avenue East, San Bruno",3/1/2020 - 3/8/2020,987,781,1245,16.45
451,1277,"300 Hayes Street, Civic Center, San Francisco",1744,"1200 Helen Drive, Millbrae",3/1/2020 - 3/8/2020,1322,1054,1657,22.03
452,1277,"300 Hayes Street, Civic Center, San Francisco",1745,"Ed Taylor Trail, Burlingame Hills, Burlingame",3/1/2020 - 3/8/2020,1424,1140,1777,23.73
453,1277,"300 Hayes Street, Civic Center, San Francisco",1746,"600 North Delaware Street, Central San Mateo, San Mateo",3/1/2020 - 3/8/2020,1386,1078,1781,23.1
454,1277,"300 Hayes Street, Civic Center, San Francisco",1747,"1700 Coyote Point Drive, Shoreview, San Mateo",3/1/2020 - 3/8/2020,1353,1067,1714,22.55
455,1277,"300 Hayes Street, Civic Center, San Francisco",1748,"500 Carmel Circle, Baywood - Aragon, San Mateo",3/1/2020 - 3/8/2020,1655,1356,2019,27.58
456,1277,"300 Hayes Street, Civic Center, San Francisco",1749,"1600 Parrott Drive, South San Mateo, San Mateo",3/1/2020 - 3/8/2020,1956,1528,2502,32.6
457,1277,"300 Hayes Street, Civic Center, San Francisco",1750,"1700 Yorktown Road, San Mateo",3/1/2020 - 3/8/2020,1742,1400,2166,29.03
458,1277,"300 Hayes Street, Civic Center, San Francisco",1752,"200 West 25th Avenue, South San Mateo, San Mateo",3/1/2020 - 3/8/2020,1832,1378,2435,30.53
459,1277,"300 Hayes Street, Civic Center, San Francisco",1755,"3000 Los Prados Street, East San Mateo, San Mateo",3/1/2020 - 3/8/2020,1601,1245,2058,26.68
460,1277,"300 Hayes Street, Civic Center, San Francisco",1759,"600 Sylvan Way, Emerald Hills",3/1/2020 - 3/8/2020,2076,1674,2573,34.6
461,1277,"300 Hayes Street, Civic Center, San Francisco",1761,"100 Fulton Street, Mount Carmel, Redwood City",3/1/2020 - 3/8/2020,1908,1596,2280,31.8
462,1277,"300 Hayes Street, Civic Center, San Francisco",1762,"500 Summit Spring Road, Woodside",3/1/2020 - 3/8/2020,2136,1724,2644,35.6
463,1277,"300 Hayes Street, Civic Center, San Francisco",1764,"300 26th Avenue, Central Richmond, San Francisco",3/1/2020 - 3/8/2020,983,763,1265,16.38
464,1277,"300 Hayes Street, Civic Center, San Francisco",1768,"800 Balboa Street, Richmond District, San Francisco",3/1/2020 - 3/8/2020,622,464,833,10.37
465,1277,"300 Hayes Street, Civic Center, San Francisco",1770,"1800 32nd Avenue, Sunset District, San Francisco",3/1/2020 - 3/8/2020,1013,778,1318,16.88
466,1277,"300 Hayes Street, Civic Center, San Francisco",1771,"0 Lopez Avenue, West of Twin Peaks, San Francisco",3/1/2020 - 3/8/2020,1030,772,1373,17.17
467,1277,"300 Hayes Street, Civic Center, San Francisco",1772,"0 Rockaway Avenue, West of Twin Peaks, San Francisco",3/1/2020 - 3/8/2020,1068,836,1362,17.8
468,1277,"300 Hayes Street, Civic Center, San Francisco",1773,"0 Majestic Avenue, Ingleside, San Francisco",3/1/2020 - 3/8/2020,747,531,1049,12.45
469,1277,"300 Hayes Street, Civic Center, San Francisco",1774,"200 Byxbee Street, Oceanview, San Francisco",3/1/2020 - 3/8/2020,1158,852,1573,19.3
470,1277,"300 Hayes Street, Civic Center, San Francisco",1775,"100 Farallones Street, Oceanview, San Francisco",3/1/2020 - 3/8/2020,802,577,1114,13.37
471,1277,"300 Hayes Street, Civic Center, San Francisco",1776,"1800 25th Avenue, Sunset District, San Francisco",3/1/2020 - 3/8/2020,966,735,1268,16.1
472,1277,"300 Hayes Street, Civic Center, San Francisco",1777,"7100 Geary Boulevard, Richmond District, San Francisco",3/1/2020 - 3/8/2020,899,699,1155,14.98
473,1277,"300 Hayes Street, Civic Center, San Francisco",1778,"7700 Geary Boulevard, Richmond District, San Francisco",3/1/2020 - 3/8/2020,1027,807,1306,17.12
474,1277,"300 Hayes Street, Civic Center, San Francisco",1779,"500 John Muir Drive, Lakeshore, San Francisco",3/1/2020 - 3/8/2020,1240,905,1697,20.67
475,1277,"300 Hayes Street, Civic Center, San Francisco",1780,"1600 McKinnon Avenue, Bayview, San Francisco",3/1/2020 - 3/8/2020,803,581,1109,13.38
476,1277,"300 Hayes Street, Civic Center, San Francisco",1781,"1100 Carolina Street, Potrero Hill, San Francisco",3/1/2020 - 3/8/2020,414,277,618,6.9
477,1277,"300 Hayes Street, Civic Center, San Francisco",1783,"1500 Mansell Street, Visitacion Valley, San Francisco",3/1/2020 - 3/8/2020,903,621,1312,15.05
478,1277,"300 Hayes Street, Civic Center, San Francisco",1825,"1500 Dominion Avenue, Sunnyvale",3/1/2020 - 3/8/2020,2798,2244,3487,46.63
479,1277,"300 Hayes Street, Civic Center, San Francisco",1831,"1100 East Arques Avenue, Sunnyvale",3/1/2020 - 3/8/2020,2919,2305,3696,48.65
480,1277,"300 Hayes Street, Civic Center, San Francisco",1832,"500 Sullivan Drive, Mountain View",3/1/2020 - 3/8/2020,2788,2145,3623,46.47
481,1277,"300 Hayes Street, Civic Center, San Francisco",1833,"500 Logue Avenue, Mountain View",3/1/2020 - 3/8/2020,2665,2075,3422,44.42
482,1277,"300 Hayes Street, Civic Center, San Francisco",1834,"500 Castro Street, Old Mountain View, Mountain View",3/1/2020 - 3/8/2020,2445,2084,2867,40.75
483,1277,"300 Hayes Street, Civic Center, San Francisco",1838,"500 Chesley Avenue, Waverly Park, Mountain View",3/1/2020 - 3/8/2020,2746,2143,3518,45.77
484,1277,"300 Hayes Street, Civic Center, San Francisco",1851,"100 Primrose Way, Duveneck - St. Francis, Palo Alto",3/1/2020 - 3/8/2020,2170,1824,2581,36.17
485,1277,"300 Hayes Street, Civic Center, San Francisco",1852,"0 Ryan Court, Stanford",3/1/2020 - 3/8/2020,2775,2180,3530,46.25
486,1277,"300 Hayes Street, Civic Center, San Francisco",1853,"1400 Club View Terrace, Country Club, Los Altos",3/1/2020 - 3/8/2020,2982,2471,3597,49.7
487,1277,"300 Hayes Street, Civic Center, San Francisco",1869,"12900 Tripoli Court, Los Altos Hills",3/1/2020 - 3/8/2020,2780,2309,3345,46.33
488,1277,"300 Hayes Street, Civic Center, San Francisco",1891,"800 Jury Court, North San Jose, San Jose",3/1/2020 - 3/8/2020,2936,2537,3397,48.93
489,1277,"300 Hayes Street, Civic Center, San Francisco",1903,"Spring Street, Central San Jose, San Jose",3/1/2020 - 3/8/2020,3310,2570,4262,55.17
490,1277,"300 Hayes Street, Civic Center, San Francisco",1917,"4900 Moorpark Avenue, Strawberry Park, San Jose",3/1/2020 - 3/8/2020,3346,2773,4036,55.77
491,1277,"300 Hayes Street, Civic Center, San Francisco",1936,"14400 Chester Avenue, Saratoga",3/1/2020 - 3/8/2020,3188,2699,3764,53.13
492,1277,"300 Hayes Street, Civic Center, San Francisco",1937,"19500 Dorchester Drive, Golden Triangle, Saratoga",3/1/2020 - 3/8/2020,2992,2532,3534,49.87
493,1277,"300 Hayes Street, Civic Center, San Francisco",1944,"700 Girard Street, Visitacion Valley, San Francisco",3/1/2020 - 3/8/2020,568,403,800,9.47
494,1277,"300 Hayes Street, Civic Center, San Francisco",1949,"7100 Rainbow Drive, West San Jose, San Jose",3/1/2020 - 3/8/2020,2925,2480,3448,48.75
495,1277,"300 Hayes Street, Civic Center, San Francisco",1951,"400 Delta Street, Visitacion Valley, San Francisco",3/1/2020 - 3/8/2020,925,655,1304,15.42
496,1277,"300 Hayes Street, Civic Center, San Francisco",2002,"2600 I Street, Petaluma",3/1/2020 - 3/8/2020,2494,2275,2733,41.57
497,1277,"300 Hayes Street, Civic Center, San Francisco",2022,"200 Clearview Drive, Vallejo",3/1/2020 - 3/8/2020,2094,1640,2672,34.9
498,1277,"300 Hayes Street, Civic Center, San Francisco",2023,"0 Midway Street, Vallejo",3/1/2020 - 3/8/2020,2193,1713,2806,36.55
499,1277,"300 Hayes Street, Civic Center, San Francisco",2105,"300 Olive Avenue, Novato",3/1/2020 - 3/8/2020,2156,1883,2468,35.93
500,1277,"300 Hayes Street, Civic Center, San Francisco",2115,"100 Sequoia Glen Lane, Novato",3/1/2020 - 3/8/2020,2061,1822,2330,34.35
501,1277,"300 Hayes Street, Civic Center, San Francisco",2116,"0 Waterbury Lane, Novato",3/1/2020 - 3/8/2020,1996,1712,2326,33.27
502,1277,"300 Hayes Street, Civic Center, San Francisco",2117,"0 Oxford Drive, San Rafael",3/1/2020 - 3/8/2020,1769,1525,2051,29.48
503,1277,"300 Hayes Street, Civic Center, San Francisco",2118,"2500 Lucas Valley Road, San Rafael",3/1/2020 - 3/8/2020,1926,1654,2242,32.1
504,1277,"300 Hayes Street, Civic Center, San Francisco",2120,"0 Reservoir Road, San Rafael",3/1/2020 - 3/8/2020,1709,1422,2053,28.48
505,1277,"300 Hayes Street, Civic Center, San Francisco",2121,"2900 Kerner Boulevard, San Rafael",3/1/2020 - 3/8/2020,1725,1330,2236,28.75
506,1277,"300 Hayes Street, Civic Center, San Francisco",2127,"0 Hamilton Drive, Mill Valley",3/1/2020 - 3/8/2020,1299,1083,1557,21.65
507,1277,"300 Hayes Street, Civic Center, San Francisco",2131,"700 Va Casitas, Greenbrae, Larkspur",3/1/2020 - 3/8/2020,1745,1428,2130,29.08
508,1277,"300 Hayes Street, Civic Center, San Francisco",2132,"300 Vista Grande, Greenbrae, Kentfield",3/1/2020 - 3/8/2020,1600,1306,1959,26.67
509,1277,"300 Hayes Street, Civic Center, San Francisco",2133,"600 Manzanita Avenue, Corte Madera",3/1/2020 - 3/8/2020,1461,1192,1790,24.35
510,1277,"300 Hayes Street, Civic Center, San Francisco",2134,"300 San Rafael Avenue, Belvedere, Belvedere Tiburon",3/1/2020 - 3/8/2020,1770,1547,2025,29.5
511,1277,"300 Hayes Street, Civic Center, San Francisco",2135,"0 Fairway Drive, Mill Valley",3/1/2020 - 3/8/2020,1555,1268,1906,25.92
512,1277,"300 Hayes Street, Civic Center, San Francisco",2136,"300 Carrera Drive, Mill Valley",3/1/2020 - 3/8/2020,1206,1005,1446,20.1
513,1277,"300 Hayes Street, Civic Center, San Francisco",2137,"0 West Harbor Drive, Sausalito",3/1/2020 - 3/8/2020,1151,953,1389,19.18
514,1277,"300 Hayes Street, Civic Center, San Francisco",2155,"3100 North Shoreline Boulevard, Mountain View",3/1/2020 - 3/8/2020,2358,1846,3010,39.3
515,1277,"300 Hayes Street, Civic Center, San Francisco",2157,"6200 Smith Avenue, Newark",3/1/2020 - 3/8/2020,2637,2025,3433,43.95
516,1277,"300 Hayes Street, Civic Center, San Francisco",2169,"1000 Liege Terrace, Morse Park, Sunnyvale",3/1/2020 - 3/8/2020,2771,2169,3539,46.18
517,1277,"300 Hayes Street, Civic Center, San Francisco",2170,"2500 Junction Avenue, North San Jose, San Jose",3/1/2020 - 3/8/2020,2978,2384,3718,49.63
518,1277,"300 Hayes Street, Civic Center, San Francisco",2171,"1400 Airport Boulevard, North San Jose, San Jose",3/1/2020 - 3/8/2020,2952,2430,3584,49.2
519,1277,"300 Hayes Street, Civic Center, San Francisco",2187,"4200 Middle Harbor Road, Oakland",3/1/2020 - 3/8/2020,955,699,1304,15.92
520,1277,"300 Hayes Street, Civic Center, San Francisco",2197,"1700 Monsanto Way, Concord",3/1/2020 - 3/8/2020,2189,1962,2441,36.48
521,1277,"300 Hayes Street, Civic Center, San Francisco",2199,"1900 Hughes Drive, Monument Corridor, Concord",3/1/2020 - 3/8/2020,2142,1714,2675,35.7
522,1277,"300 Hayes Street, Civic Center, San Francisco",2202,"Bollinger Estates Court, San Ramon",3/1/2020 - 3/8/2020,2409,1869,3103,40.15
523,1277,"300 Hayes Street, Civic Center, San Francisco",2210,"200 South 17th Street, Coronado, Richmond",3/1/2020 - 3/8/2020,1602,1273,2015,26.7
524,1277,"300 Hayes Street, Civic Center, San Francisco",2212,"500 63rd Street, Upper Telegraph, Oakland",3/1/2020 - 3/8/2020,1475,1106,1967,24.58
525,1277,"300 Hayes Street, Civic Center, San Francisco",2213,"800 40th Street, Longfellow, Oakland",3/1/2020 - 3/8/2020,1088,779,1517,18.13
526,1277,"300 Hayes Street, Civic Center, San Francisco",2215,"1500 East 31st Street, Tuxedo, Oakland",3/1/2020 - 3/8/2020,1213,898,1637,20.22
527,1277,"300 Hayes Street, Civic Center, San Francisco",2218,"5300 Underwood Avenue, Mills College, Oakland",3/1/2020 - 3/8/2020,1389,1041,1852,23.15
528,1277,"300 Hayes Street, Civic Center, San Francisco",2222,"Junipero Serra Freeway, Cupertino",3/1/2020 - 3/8/2020,2992,2475,3616,49.87
529,1277,"300 Hayes Street, Civic Center, San Francisco",2223,"1900 Scott Lane, Woodland Acres - The Highlands, Los Altos",3/1/2020 - 3/8/2020,3061,2546,3679,51.02
530,1277,"300 Hayes Street, Civic Center, San Francisco",2225,"200 Greenbank Avenue, Piedmont",3/1/2020 - 3/8/2020,1376,1043,1813,22.93
531,1277,"300 Hayes Street, Civic Center, San Francisco",2229,"0 Kirby Place, Crescent Park, Palo Alto",3/1/2020 - 3/8/2020,2296,1939,2718,38.27
532,1277,"300 Hayes Street, Civic Center, San Francisco",2231,"100 Garden Lane, Millbrae",3/1/2020 - 3/8/2020,1135,890,1447,18.92
533,1277,"300 Hayes Street, Civic Center, San Francisco",2236,"San Francisco Bay Trail, Hayward",3/1/2020 - 3/8/2020,2489,1946,3182,41.48
534,1277,"300 Hayes Street, Civic Center, San Francisco",2240,"600 Campus Drive, Stanford",3/1/2020 - 3/8/2020,2796,2293,3408,46.6
535,1277,"300 Hayes Street, Civic Center, San Francisco",2244,"0 Crystal Springs Terrace, Hillsborough Park, Hillsborough",3/1/2020 - 3/8/2020,1628,1312,2020,27.13
536,1277,"300 Hayes Street, Civic Center, San Francisco",2245,"1400 Crestwood Court, South San Mateo, San Mateo",3/1/2020 - 3/8/2020,1944,1553,2432,32.4
537,1277,"300 Hayes Street, Civic Center, San Francisco",2246,"900 Baker Way, East San Mateo, San Mateo",3/1/2020 - 3/8/2020,1643,1293,2087,27.38
538,1277,"300 Hayes Street, Civic Center, San Francisco",2247,"J. Arthur Younger Freeway, Foster City",3/1/2020 - 3/8/2020,1770,1389,2254,29.5
539,1277,"300 Hayes Street, Civic Center, San Francisco",2248,"1600 Notre Dame Avenue, Belmont",3/1/2020 - 3/8/2020,1773,1504,2089,29.55
540,1277,"300 Hayes Street, Civic Center, San Francisco",2250,"Hassler Trail, Redwood City",3/1/2020 - 3/8/2020,1991,1607,2465,33.18
541,1277,"300 Hayes Street, Civic Center, San Francisco",2251,"2100 Camino De Los Robles, University Heights, Menlo Park",3/1/2020 - 3/8/2020,2408,2125,2727,40.13
542,1277,"300 Hayes Street, Civic Center, San Francisco",2281,"0 Corte Palos Verdes, Tiburon, Belvedere Tiburon",3/1/2020 - 3/8/2020,1361,1133,1633,22.68
543,1277,"300 Hayes Street, Civic Center, San Francisco",2307,"6500 Addition Road, Newark",3/1/2020 - 3/8/2020,2696,2084,3486,44.93
544,1277,"300 Hayes Street, Civic Center, San Francisco",2308,"300 Fremont Street, South of Market, San Francisco",3/1/2020 - 3/8/2020,611,387,962,10.18
545,1277,"300 Hayes Street, Civic Center, San Francisco",2311,"2700 Larkin Street, Russian Hill, San Francisco",3/1/2020 - 3/8/2020,541,380,770,9.02
546,1277,"300 Hayes Street, Civic Center, San Francisco",2312,"2100 Webster Street, Pacific Heights, San Francisco",3/1/2020 - 3/8/2020,489,328,726,8.15
547,1277,"300 Hayes Street, Civic Center, San Francisco",2313,"1300 Webster Street, Western Addition, San Francisco",3/1/2020 - 3/8/2020,315,203,487,5.25
548,1277,"300 Hayes Street, Civic Center, San Francisco",2314,"300 Waller Street, Western Addition, San Francisco",3/1/2020 - 3/8/2020,233,151,359,3.88
549,1277,"300 Hayes Street, Civic Center, San Francisco",2315,"0 Duboce Avenue, South of Market, San Francisco",3/1/2020 - 3/8/2020,191,113,321,3.18
550,1277,"300 Hayes Street, Civic Center, San Francisco",2316,"2800 Folsom Street, Mission District, San Francisco",3/1/2020 - 3/8/2020,593,433,811,9.88
551,1277,"300 Hayes Street, Civic Center, San Francisco",2317,"100 Coleridge Street, Bernal Heights, San Francisco",3/1/2020 - 3/8/2020,749,565,991,12.48
552,1277,"300 Hayes Street, Civic Center, San Francisco",2318,"100 Santa Rosa Avenue, Outer Mission, San Francisco",3/1/2020 - 3/8/2020,676,469,973,11.27
553,1277,"300 Hayes Street, Civic Center, San Francisco",2319,"300 Lisbon Street, Excelsior, San Francisco",3/1/2020 - 3/8/2020,880,657,1177,14.67
554,1277,"300 Hayes Street, Civic Center, San Francisco",2320,"300 Argonaut Avenue, Visitacion Valley, San Francisco",3/1/2020 - 3/8/2020,1107,779,1572,18.45
555,1277,"300 Hayes Street, Civic Center, San Francisco",2321,"400 Irving Street, Inner Sunset, San Francisco",3/1/2020 - 3/8/2020,567,405,792,9.45
556,1277,"300 Hayes Street, Civic Center, San Francisco",2322,"100 Eastwood Drive, West of Twin Peaks, San Francisco",3/1/2020 - 3/8/2020,918,660,1276,15.3
557,1277,"300 Hayes Street, Civic Center, San Francisco",2323,"2600 40th Avenue, Sunset District, San Francisco",3/1/2020 - 3/8/2020,1252,958,1634,20.87
558,1277,"300 Hayes Street, Civic Center, San Francisco",2330,"0 Peoria Street, Crocker, Daly City",3/1/2020 - 3/8/2020,1102,839,1446,18.37
559,1277,"300 Hayes Street, Civic Center, San Francisco",2332,"2700 Adeline Street, South Berkeley, Berkeley",3/1/2020 - 3/8/2020,1523,1107,2093,25.38
560,1277,"300 Hayes Street, Civic Center, San Francisco",2339,"Frenchmans Creek Road, Half Moon Bay",3/1/2020 - 3/8/2020,1526,1226,1899,25.43
561,1277,"300 Hayes Street, Civic Center, San Francisco",2340,"0 Mason Street, Tenderloin, San Francisco",3/1/2020 - 3/8/2020,464,296,726,7.73
562,1277,"300 Hayes Street, Civic Center, San Francisco",2343,"West Point Road, Bayview, San Francisco",3/1/2020 - 3/8/2020,965,708,1313,16.08
563,1277,"300 Hayes Street, Civic Center, San Francisco",2344,"600 3rd Avenue, Richmond District, San Francisco",3/1/2020 - 3/8/2020,562,421,749,9.37
564,1277,"300 Hayes Street, Civic Center, San Francisco",2345,"1400 Howard Avenue, Downtown, Burlingame",3/1/2020 - 3/8/2020,1672,1275,2190,27.87
565,1277,"300 Hayes Street, Civic Center, San Francisco",2346,"0 Glen Avenue, Piedmont Avenue, Oakland",3/1/2020 - 3/8/2020,1297,1049,1603,21.62
566,1277,"300 Hayes Street, Civic Center, San Francisco",2347,"1500 3rd Avenue, East Lake, Oakland",3/1/2020 - 3/8/2020,1514,1073,2134,25.23
567,1277,"300 Hayes Street, Civic Center, San Francisco",2348,"7700 Sunkist Drive, Eastmont Hills, Oakland",3/1/2020 - 3/8/2020,1476,1101,1977,24.6
568,1277,"300 Hayes Street, Civic Center, San Francisco",2349,"1600 Ward Street, South Berkeley, Berkeley",3/1/2020 - 3/8/2020,1300,946,1785,21.67
569,1277,"300 Hayes Street, Civic Center, San Francisco",2352,"600 Shasta Street, Staumbaugh Heller, Redwood City",3/1/2020 - 3/8/2020,2038,1649,2518,33.97
570,1277,"300 Hayes Street, Civic Center, San Francisco",2353,"27600 Melbourne Avenue, Glen Eden, Hayward",3/1/2020 - 3/8/2020,2098,1685,2612,34.97
571,1277,"300 Hayes Street, Civic Center, San Francisco",2363,"18800 Barnhart Avenue, Rancho Rinconada, Cupertino",3/1/2020 - 3/8/2020,3262,2709,3927,54.37
572,1277,"300 Hayes Street, Civic Center, San Francisco",2367,"0 Los Norrabos, El Toyonal, Orinda",3/1/2020 - 3/8/2020,1391,1055,1832,23.18
573,1277,"300 Hayes Street, Civic Center, San Francisco",2378,"700 Welch Road, Palo Alto",3/1/2020 - 3/8/2020,2619,2110,3250,43.65
574,1277,"300 Hayes Street, Civic Center, San Francisco",2403,"2800 Forest Avenue, Berkeley",3/1/2020 - 3/8/2020,1507,1183,1918,25.12
575,1277,"300 Hayes Street, Civic Center, San Francisco",2404,"500 Fairway Drive, Novato",3/1/2020 - 3/8/2020,1982,1712,2294,33.03
576,1277,"300 Hayes Street, Civic Center, San Francisco",2406,"1700 Vistazo Street West, Tiburon, Belvedere Tiburon",3/1/2020 - 3/8/2020,1675,1467,1912,27.92
577,1277,"300 Hayes Street, Civic Center, San Francisco",2409,"4300 Hacienda Drive, Pleasanton",3/1/2020 - 3/8/2020,2511,2073,3041,41.85
578,1277,"300 Hayes Street, Civic Center, San Francisco",2423,"21800 Tanglewood Drive, Castro Valley",3/1/2020 - 3/8/2020,1928,1519,2446,32.13
579,1277,"300 Hayes Street, Civic Center, San Francisco",2434,"1000 18th Street, West Oakland, Oakland",3/1/2020 - 3/8/2020,1161,815,1653,19.35
580,1277,"300 Hayes Street, Civic Center, San Francisco",2435,"4700 Clarewood Drive, Upper Rockridge, Oakland",3/1/2020 - 3/8/2020,1392,1043,1857,23.2
581,1277,"300 Hayes Street, Civic Center, San Francisco",2437,"3200 38th Avenue, Allendale, Oakland",3/1/2020 - 3/8/2020,1330,995,1777,22.17
582,1277,"300 Hayes Street, Civic Center, San Francisco",2441,"100 Octavia Street, Western Addition, San Francisco",3/1/2020 - 3/8/2020,97,42,223,1.62
583,1277,"300 Hayes Street, Civic Center, San Francisco",2442,"2800 Mission Street, Mission District, San Francisco",3/1/2020 - 3/8/2020,526,396,696,8.77
584,1277,"300 Hayes Street, Civic Center, San Francisco",2443,"500 22nd Street, Potrero Hill, San Francisco",3/1/2020 - 3/8/2020,719,505,1022,11.98
585,1277,"300 Hayes Street, Civic Center, San Francisco",2448,"200 Shorebird Circle, Redwood Shores, Redwood City",3/1/2020 - 3/8/2020,1996,1509,2638,33.27
586,1277,"300 Hayes Street, Civic Center, San Francisco",2451,"700 Westlake Center, Westlake, Daly City",3/1/2020 - 3/8/2020,906,644,1274,15.1
587,1277,"300 Hayes Street, Civic Center, San Francisco",2452,"400 Verducci Drive, Serramonte, Daly City",3/1/2020 - 3/8/2020,1118,836,1493,18.63
588,1277,"300 Hayes Street, Civic Center, San Francisco",2453,"0 Orange Court, Country Club Manor, Hillsborough",3/1/2020 - 3/8/2020,1539,1233,1920,25.65
589,1277,"300 Hayes Street, Civic Center, San Francisco",2454,"0 16th Avenue, Hayward Park, San Mateo",3/1/2020 - 3/8/2020,1727,1315,2267,28.78
590,1277,"300 Hayes Street, Civic Center, San Francisco",2455,"1300 Holly Street, San Carlos",3/1/2020 - 3/8/2020,1788,1467,2177,29.8
591,1277,"300 Hayes Street, Civic Center, San Francisco",2456,"300 Sherwood Way, Linfield Oaks, Menlo Park",3/1/2020 - 3/8/2020,2424,2018,2911,40.4
592,1277,"300 Hayes Street, Civic Center, San Francisco",2460,"1300 Montgomery Street, North Beach, San Francisco",3/1/2020 - 3/8/2020,769,550,1073,12.82
593,1277,"300 Hayes Street, Civic Center, San Francisco",2463,"200 Moncada Way, Oceanview, San Francisco",3/1/2020 - 3/8/2020,1202,906,1594,20.03
594,1277,"300 Hayes Street, Civic Center, San Francisco",2464,"1700 47th Avenue, Sunset District, San Francisco",3/1/2020 - 3/8/2020,1090,851,1395,18.17
595,1277,"300 Hayes Street, Civic Center, San Francisco",2465,"Diamond Cove Terrace, Bayview, San Francisco",3/1/2020 - 3/8/2020,609,438,845,10.15
596,1277,"300 Hayes Street, Civic Center, San Francisco",2466,"400 Amador Street, Bayview, San Francisco",3/1/2020 - 3/8/2020,632,428,931,10.53
597,1277,"300 Hayes Street, Civic Center, San Francisco",2483,"100 Burns Court, Pleasant Hill",3/1/2020 - 3/8/2020,2005,1606,2502,33.42
598,1277,"300 Hayes Street, Civic Center, San Francisco",2485,"0 Jolie Lane, Walnut Creek",3/1/2020 - 3/8/2020,1981,1552,2528,33.02
599,1277,"300 Hayes Street, Civic Center, San Francisco",2495,"100 Shrader Street, San Francisco",3/1/2020 - 3/8/2020,315,216,459,5.25
600,1277,"300 Hayes Street, Civic Center, San Francisco",2496,"100 Diamond Street, The Castro, San Francisco",3/1/2020 - 3/8/2020,515,388,683,8.58
601,1277,"300 Hayes Street, Civic Center, San Francisco",2497,"600 Tompkins Avenue, Bernal Heights, San Francisco",3/1/2020 - 3/8/2020,533,369,768,8.88
602,1277,"300 Hayes Street, Civic Center, San Francisco",2498,"700 Rolph Street, Crocker-Amazon, San Francisco",3/1/2020 - 3/8/2020,1158,861,1555,19.3
603,1277,"300 Hayes Street, Civic Center, San Francisco",2499,"400 Faxon Avenue, Ingleside, San Francisco",3/1/2020 - 3/8/2020,899,639,1264,14.98
604,1277,"300 Hayes Street, Civic Center, San Francisco",2502,"Old Guadalupe Trail, Daly City",3/1/2020 - 3/8/2020,1213,895,1643,20.22
605,1277,"300 Hayes Street, Civic Center, San Francisco",2503,"3700 Callan Boulevard, Westborough, South San Francisco",3/1/2020 - 3/8/2020,1194,903,1577,19.9
606,1277,"300 Hayes Street, Civic Center, San Francisco",2504,"5900 Cabrillo Highway, Pacifica",3/1/2020 - 3/8/2020,1421,1129,1787,23.68
607,1277,"300 Hayes Street, Civic Center, San Francisco",2505,"1000 Commodore Drive, San Bruno",3/1/2020 - 3/8/2020,1198,902,1591,19.97
608,1277,"300 Hayes Street, Civic Center, San Francisco",2513,"300 O' Connor Street, The Willows, Menlo Park",3/1/2020 - 3/8/2020,2211,1754,2786,36.85
609,1277,"300 Hayes Street, Civic Center, San Francisco",2520,"3200 Shawn Way, Hayward",3/1/2020 - 3/8/2020,2003,1600,2506,33.38
610,1277,"300 Hayes Street, Civic Center, San Francisco",2525,"1200 Elko Drive, Sunnyvale",3/1/2020 - 3/8/2020,2820,2242,3546,47.0
611,1277,"300 Hayes Street, Civic Center, San Francisco",2530,"3200 Blandon Road, Oak Knoll Golf Links, Oakland",3/1/2020 - 3/8/2020,1527,1160,2009,25.45
612,1277,"300 Hayes Street, Civic Center, San Francisco",2535,"3300 Walton Way, West San Jose, San Jose",3/1/2020 - 3/8/2020,3440,2855,4143,57.33
613,1277,"300 Hayes Street, Civic Center, San Francisco",2540,"400 Duperu Drive, Crockett",3/1/2020 - 3/8/2020,2019,1584,2573,33.65
614,1277,"300 Hayes Street, Civic Center, San Francisco",2553,"700 Rowland Boulevard, Novato",3/1/2020 - 3/8/2020,2024,1773,2309,33.73
615,1277,"300 Hayes Street, Civic Center, San Francisco",2554,"0 Oliver Lane, Mill Valley",3/1/2020 - 3/8/2020,1272,1070,1512,21.2
616,1277,"300 Hayes Street, Civic Center, San Francisco",2582,"1200 Manzanita Drive, Millbrae",3/1/2020 - 3/8/2020,1390,1115,1732,23.17
617,1277,"300 Hayes Street, Civic Center, San Francisco",2593,"5500 Stoneridge Mall Road, Pleasanton",3/1/2020 - 3/8/2020,2365,1970,2838,39.42
618,1277,"300 Hayes Street, Civic Center, San Francisco",2597,"3000 Telegraph Avenue, Pill Hill, Oakland",3/1/2020 - 3/8/2020,1101,799,1516,18.35
619,1277,"300 Hayes Street, Civic Center, San Francisco",2601,"800 Cole Street, Ashbury Heights, San Francisco",3/1/2020 - 3/8/2020,581,410,822,9.68
620,1277,"300 Hayes Street, Civic Center, San Francisco",2603,"11200 Kerrigan Drive, Chabot Park, Oakland",3/1/2020 - 3/8/2020,1617,1247,2095,26.95
621,1277,"300 Hayes Street, Civic Center, San Francisco",2605,"0 Cable Roadway, Sausalito",3/1/2020 - 3/8/2020,1067,869,1309,17.78
622,1277,"300 Hayes Street, Civic Center, San Francisco",2606,"2100 Beach Street, Marina District, San Francisco",3/1/2020 - 3/8/2020,688,512,922,11.47
623,1277,"300 Hayes Street, Civic Center, San Francisco",2607,"100 Campus Drive, Stanford",3/1/2020 - 3/8/2020,2789,2238,3475,46.48
624,1277,"300 Hayes Street, Civic Center, San Francisco",2611,"2000 Evergreen Avenue, Assumption Parish, San Leandro",3/1/2020 - 3/8/2020,1736,1332,2261,28.93
625,1277,"300 Hayes Street, Civic Center, San Francisco",2613,"1700 Eisenhower Street, Shoreview, San Mateo",3/1/2020 - 3/8/2020,1505,1184,1911,25.08
626,1277,"300 Hayes Street, Civic Center, San Francisco",2614,"100 West Portal Avenue, West of Twin Peaks, San Francisco",3/1/2020 - 3/8/2020,1183,930,1504,19.72
627,1277,"300 Hayes Street, Civic Center, San Francisco",2620,"2200 McGee Avenue, Central Berkeley, Berkeley",3/1/2020 - 3/8/2020,1387,1083,1775,23.12
628,1277,"300 Hayes Street, Civic Center, San Francisco",2622,"300 Langton Street, South of Market, San Francisco",3/1/2020 - 3/8/2020,379,242,592,6.32
629,1277,"300 Hayes Street, Civic Center, San Francisco",2624,"1300 16th Avenue, Inner Sunset, San Francisco",3/1/2020 - 3/8/2020,638,470,865,10.63
630,1277,"300 Hayes Street, Civic Center, San Francisco",2625,"400 Alpha Street, Visitacion Valley, San Francisco",3/1/2020 - 3/8/2020,771,562,1057,12.85
631,1277,"300 Hayes Street, Civic Center, San Francisco",2629,"Cochrane Street, Bayview, San Francisco",3/1/2020 - 3/8/2020,1045,806,1353,17.42
632,1277,"300 Hayes Street, Civic Center, San Francisco",2632,"700 Campbell Village Court, West Oakland, Oakland",3/1/2020 - 3/8/2020,1348,960,1891,22.47
633,1277,"300 Hayes Street, Civic Center, San Francisco",2634,"Dwight D. Eisenhower Highway, Albany",3/1/2020 - 3/8/2020,1261,902,1762,21.02
634,1277,"300 Hayes Street, Civic Center, San Francisco",2635,"2300 Industrial Parkway West, Hayward",3/1/2020 - 3/8/2020,2094,1746,2510,34.9
635,1277,"300 Hayes Street, Civic Center, San Francisco",2643,"1300 Egbert Avenue, Bayview, San Francisco",3/1/2020 - 3/8/2020,913,653,1276,15.22
636,1277,"300 Hayes Street, Civic Center, San Francisco",2650,"400 Palm Avenue, Millbrae",3/1/2020 - 3/8/2020,1340,1113,1613,22.33
637,1277,"300 Hayes Street, Civic Center, San Francisco",2654,"Robert Dollar Drive, San Rafael",3/1/2020 - 3/8/2020,1726,1449,2055,28.77
638,1277,"300 Hayes Street, Civic Center, San Francisco",2656,"7500 Hollanderry Place, Cupertino",3/1/2020 - 3/8/2020,2887,2447,3404,48.12
639,1277,"300 Hayes Street, Civic Center, San Francisco",2660,"0 Burgess Court, Sausalito",3/1/2020 - 3/8/2020,1134,950,1353,18.9
640,1277,"300 Hayes Street, Civic Center, San Francisco",2673,"100 Rutledge Street, Bernal Heights, San Francisco",3/1/2020 - 3/8/2020,454,315,654,7.57
641,1277,"300 Hayes Street, Civic Center, San Francisco",2675,"200 Sandpiper Court, Foster City",3/1/2020 - 3/8/2020,2098,1552,2834,34.97
642,1277,"300 Hayes Street, Civic Center, San Francisco",2682,"Middle Burdell Fire Road, Novato",3/1/2020 - 3/8/2020,2228,1962,2529,37.13
643,1277,"300 Hayes Street, Civic Center, San Francisco",2694,"1900 Buchanan Street, Western Addition, San Francisco",3/1/2020 - 3/8/2020,346,218,546,5.77
644,1277,"300 Hayes Street, Civic Center, San Francisco",2695,"2200 Rivera Street, Sunset District, San Francisco",3/1/2020 - 3/8/2020,1164,882,1536,19.4
645,1277,"300 Hayes Street, Civic Center, San Francisco",2697,"200 F Street, Centennial, Redwood City",3/1/2020 - 3/8/2020,1937,1504,2493,32.28
646,1277,"300 Hayes Street, Civic Center, San Francisco",2700,"300 Ponderosa Road, Avalon, South San Francisco",3/1/2020 - 3/8/2020,1211,895,1636,20.18
647,1277,"300 Hayes Street, Civic Center, San Francisco",2708,"200 Westview Drive, Sunshine Gardens, South San Francisco",3/1/2020 - 3/8/2020,1290,1038,1603,21.5
